Event, Details, Time(s)
 Start, 15/06/2025 15:07:28, 0.2205566 
 Auth, Sent: {"deviceId":"423eb08d12de8eebc3ccdfe0c50c3a84d4af7609"} -- Received: {"registered":true,"device":"423eb08d12de8eebc3ccdfe0c50c3a84d4af7609","token":951583,"name":"device1","agentId":"6708d877f86545dd1d64ae0f","cashierId":"671e9e60b1418c7fd2eeb8cf","currency":"₦","superAgentId":"6708d877f86545dd1d64ae0f","id":"684b55eff20ab3001efa6071","setBonus":5.5}, 0.7587494 
 Connected, Connected to socket, 3.058732 
 Join room, {"deviceId":"684b55eff20ab3001efa6071","agentId":"6708d877f86545dd1d64ae0f"}, 3.058732 

 Start, 15/06/2025 15:15:14, 0.03664999 
 Auth, Sent: {"deviceId":"423eb08d12de8eebc3ccdfe0c50c3a84d4af7609"} -- Received: {"registered":true,"device":"423eb08d12de8eebc3ccdfe0c50c3a84d4af7609","token":951583,"name":"device1","agentId":"6708d877f86545dd1d64ae0f","cashierId":"671e9e60b1418c7fd2eeb8cf","currency":"₦","superAgentId":"6708d877f86545dd1d64ae0f","id":"684b55eff20ab3001efa6071","setBonus":5.5}, 0.5438416 
 Connected, Connected to socket, 2.8105 
 Join room, {"deviceId":"684b55eff20ab3001efa6071","agentId":"6708d877f86545dd1d64ae0f"}, 2.8105 

 CreatePlayer, Response Time: 0.283329, Response: {"status":"ok","data":{"wallet":0,"bonus":0,"playLevel":20,"freebet":false,"deviceId":"684b55eff20ab3001efa6071","cashierId":"671e9e60b1418c7fd2eeb8cf","playerId":10,"superAgentId":"6708d877f86545dd1d64ae0f","id":"684ee3af29b8990026289acf"}}, 44.29321 

 PlaceBet, Response Time: 0.2166481, Response: {"status":"ok","data":{"freebet":false,"winnings":0,"potentialWinnings":0,"roundHasEnded":false,"payout":false,"cancelled":false,"stake":200,"gameType":"aviatax","cashierId":"671e9e60b1418c7fd2eeb8cf","ticketId":"3119329260","betType":"single","playerId":"2","roundId":"17500005433146252","deviceId":"684b55eff20ab3001efa6071","selections":[],"createdAt":"2025-06-15T15:16:16.943Z","id":"684ee3c0e2aef600153cde3d"}}, 61.32629 
 PlaceBet, Response Time: 0.2833138, Response: {"status":"error"}, 61.47629 
 PlaceBet Status Not OK, response: {"status":"error"}, 61.47629 
 PlaceBet, Response Time: 0.2999954, Response: {"status":"ok","data":{"freebet":false,"winnings":0,"potentialWinnings":0,"roundHasEnded":false,"payout":false,"cancelled":false,"stake":2000,"gameType":"aviatax","cashierId":"671e9e60b1418c7fd2eeb8cf","ticketId":"4740541657","betType":"single","playerId":"3","roundId":"17500005433146252","deviceId":"684b55eff20ab3001efa6071","selections":[],"createdAt":"2025-06-15T15:16:17.131Z","id":"684ee3c1ce1905000d9ad0b3"}}, 61.52629 
 PlaceBet, Response Time: 0.2000008, Response: {"status":"ok","data":{"freebet":false,"winnings":0,"potentialWinnings":0,"roundHasEnded":false,"payout":false,"cancelled":false,"stake":200,"gameType":"aviatax","cashierId":"671e9e60b1418c7fd2eeb8cf","ticketId":"6828406887","betType":"single","playerId":"4","roundId":"17500005433146252","deviceId":"684b55eff20ab3001efa6071","selections":[],"createdAt":"2025-06-15T15:16:18.089Z","id":"684ee3c2f97b90000ef73af8"}}, 62.47628 
 Cashout, Response Time: 0.2166824, Response: {"status":"ok","data":{"wallet":5630.244878601021,"playLevel":200,"bonus":0,"freebet":true,"deviceId":"684b55eff20ab3001efa6071","cashierId":"671e9e60b1418c7fd2eeb8cf","playerId":2,"superAgentId":"6708d877f86545dd1d64ae0f","createdAt":"2025-06-12T22:36:11.709Z","id":"684b565bb84283001eb2f607"}}, 70.29285 
 Cashout, Response Time: 0.2999954, Response: {"status":"ok","data":{"wallet":11425.00308431621,"playLevel":2000,"bonus":0,"freebet":false,"deviceId":"684b55eff20ab3001efa6071","cashierId":"671e9e60b1418c7fd2eeb8cf","playerId":3,"superAgentId":"6708d877f86545dd1d64ae0f","createdAt":"2025-06-12T22:36:12.323Z","id":"684b565c7295ed0011e61527"}}, 70.47616 
 Cashout, Response Time: 0.1999969, Response: {"status":"ok","data":{"wallet":1010.8458339729841,"playLevel":200,"bonus":0,"freebet":false,"deviceId":"684b55eff20ab3001efa6071","cashierId":"671e9e60b1418c7fd2eeb8cf","playerId":4,"superAgentId":"6708d877f86545dd1d64ae0f","createdAt":"2025-06-12T22:36:13.499Z","id":"684b565d95dd5c0010284e41"}}, 70.65951 

 drop-jackpot, {"playerId":4,"jackpotAmount":1000,"jackpotType":"Bronze"}, 71.75949 
 DropJackpot Successfull, Jackpot sent to Player: 4, 71.75949 
 drop-jackpot, {"playerId":2,"jackpotAmount":1000,"jackpotType":"Silver"}, 72.24281 
 DropJackpot Successfull, Jackpot sent to Player: 2, 72.24281 
 PlaceBet, Response Time: 0.2166824, Response: {"status":"ok","data":{"freebet":false,"winnings":0,"potentialWinnings":0,"roundHasEnded":false,"payout":false,"cancelled":false,"stake":2000,"gameType":"aviatax","cashierId":"671e9e60b1418c7fd2eeb8cf","ticketId":"9939550883","betType":"single","playerId":"3","roundId":"17500005547701163","deviceId":"684b55eff20ab3001efa6071","selections":[],"createdAt":"2025-06-15T15:16:31.249Z","id":"684ee3cfa10c8e00207fc4cc"}}, 75.64275 
 PlaceBet, Response Time: 0.1999969, Response: {"status":"ok","data":{"freebet":false,"winnings":0,"potentialWinnings":0,"roundHasEnded":false,"payout":false,"cancelled":false,"stake":200,"gameType":"aviatax","cashierId":"671e9e60b1418c7fd2eeb8cf","ticketId":"8102909691","betType":"single","playerId":"4","roundId":"17500005547701163","deviceId":"684b55eff20ab3001efa6071","selections":[],"createdAt":"2025-06-15T15:16:31.451Z","id":"684ee3cf8ebf86000fbf1a6b"}}, 75.84275 
 PlaceBet, Response Time: 0.3166504, Response: {"status":"ok","data":{"freebet":true,"winnings":0,"potentialWinnings":0,"roundHasEnded":false,"payout":false,"cancelled":false,"stake":30.1,"gameType":"aviatax","cashierId":"671e9e60b1418c7fd2eeb8cf","ticketId":"2341501042","betType":"single","playerId":"2","roundId":"17500005547701163","deviceId":"684b55eff20ab3001efa6071","selections":[],"createdAt":"2025-06-15T15:16:33.685Z","id":"684ee3d138910f00136b3d1f"}}, 78.07604 
 PlaceBet, Response Time: 0.1999969, Response: {"status":"error"}, 78.22604 
 PlaceBet Status Not OK, response: {"status":"error"}, 78.22604 
 Cashout, Response Time: 0.2333298, Response: {"status":"ok","data":{"wallet":2246.445833972984,"playLevel":200,"bonus":0,"freebet":false,"deviceId":"684b55eff20ab3001efa6071","cashierId":"671e9e60b1418c7fd2eeb8cf","playerId":4,"superAgentId":"6708d877f86545dd1d64ae0f","createdAt":"2025-06-12T22:36:13.499Z","id":"684b565d95dd5c0010284e41"}}, 84.29264 
 Cashout, Response Time: 0.2166672, Response: {"status":"ok","data":{"wallet":6687.735878601021,"playLevel":200,"bonus":0,"freebet":false,"deviceId":"684b55eff20ab3001efa6071","cashierId":"671e9e60b1418c7fd2eeb8cf","playerId":2,"superAgentId":"6708d877f86545dd1d64ae0f","createdAt":"2025-06-12T22:36:11.709Z","id":"684b565bb84283001eb2f607"}}, 89.17593 

 drop-jackpot, {"playerId":3,"jackpotAmount":1000,"jackpotType":"Gold"}, 105.7257 
 DropJackpot Successfull, Jackpot sent to Player: 3, 105.7423 
 PlaceBet, Response Time: 0.2166519, Response: {"status":"ok","data":{"freebet":false,"winnings":0,"potentialWinnings":0,"roundHasEnded":false,"payout":false,"cancelled":false,"stake":2000,"gameType":"aviatax","cashierId":"671e9e60b1418c7fd2eeb8cf","ticketId":"3489642972","betType":"single","playerId":"3","roundId":"17500005740426727","deviceId":"684b55eff20ab3001efa6071","selections":[],"createdAt":"2025-06-15T15:17:04.915Z","id":"684ee3f09a25680011fdca7c"}}, 109.3089 
 PlaceBet, Response Time: 0.1999969, Response: {"status":"error"}, 110.0089 
 PlaceBet Status Not OK, response: {"status":"error"}, 110.0089 
 PlaceBet, Response Time: 0.1999969, Response: {"status":"ok","data":{"freebet":false,"winnings":0,"potentialWinnings":0,"roundHasEnded":false,"payout":false,"cancelled":false,"stake":200,"gameType":"aviatax","cashierId":"671e9e60b1418c7fd2eeb8cf","ticketId":"4368411198","betType":"single","playerId":"2","roundId":"17500005740426727","deviceId":"684b55eff20ab3001efa6071","selections":[],"createdAt":"2025-06-15T15:17:05.873Z","id":"684ee3f1194a8e00119832e5"}}, 110.2589 
 PlaceBet, Response Time: 0.2166672, Response: {"status":"ok","data":{"freebet":false,"winnings":0,"potentialWinnings":0,"roundHasEnded":false,"payout":false,"cancelled":false,"stake":200,"gameType":"aviatax","cashierId":"671e9e60b1418c7fd2eeb8cf","ticketId":"6697964276","betType":"single","playerId":"4","roundId":"17500005740426727","deviceId":"684b55eff20ab3001efa6071","selections":[],"createdAt":"2025-06-15T15:17:07.910Z","id":"684ee3f3a445b30010711f7d"}}, 112.3089 
 Cashout, Response Time: 0.1999969, Response: {"status":"ok","data":{"wallet":11625.00308431621,"playLevel":2000,"bonus":0,"freebet":true,"deviceId":"684b55eff20ab3001efa6071","cashierId":"671e9e60b1418c7fd2eeb8cf","playerId":3,"superAgentId":"6708d877f86545dd1d64ae0f","createdAt":"2025-06-12T22:36:12.323Z","id":"684b565c7295ed0011e61527"}}, 118.3088 
 Cashout, Response Time: 0.3000031, Response: {"status":"ok","data":{"wallet":2548.445833972984,"playLevel":200,"bonus":0,"freebet":false,"deviceId":"684b55eff20ab3001efa6071","cashierId":"671e9e60b1418c7fd2eeb8cf","playerId":4,"superAgentId":"6708d877f86545dd1d64ae0f","createdAt":"2025-06-12T22:36:13.499Z","id":"684b565d95dd5c0010284e41"}}, 122.1421 

 PlaceBet, Response Time: 0.2666473, Response: {"status":"error"}, 128.042 
 PlaceBet Status Not OK, response: {"status":"error"}, 128.042 
 PlaceBet, Response Time: 0.1999969, Response: {"status":"ok","data":{"freebet":false,"winnings":0,"potentialWinnings":0,"roundHasEnded":false,"payout":false,"cancelled":false,"stake":200,"gameType":"aviatax","cashierId":"671e9e60b1418c7fd2eeb8cf","ticketId":"7483203825","betType":"single","playerId":"4","roundId":"17500005900487554","deviceId":"684b55eff20ab3001efa6071","selections":[],"createdAt":"2025-06-15T15:17:24.187Z","id":"684ee40466a47400136afa06"}}, 128.5753 
 PlaceBet, Response Time: 0.1999969, Response: {"status":"ok","data":{"freebet":true,"winnings":0,"potentialWinnings":0,"roundHasEnded":false,"payout":false,"cancelled":false,"stake":30.1,"gameType":"aviatax","cashierId":"671e9e60b1418c7fd2eeb8cf","ticketId":"6537275667","betType":"single","playerId":"3","roundId":"17500005900487554","deviceId":"684b55eff20ab3001efa6071","selections":[],"createdAt":"2025-06-15T15:17:25.047Z","id":"684ee4057e78fd00252044c0"}}, 129.442 
 PlaceBet, Response Time: 0.3499756, Response: {"status":"ok","data":{"freebet":false,"winnings":0,"potentialWinnings":0,"roundHasEnded":false,"payout":false,"cancelled":false,"stake":200,"gameType":"aviatax","cashierId":"671e9e60b1418c7fd2eeb8cf","ticketId":"1707992393","betType":"single","playerId":"2","roundId":"17500005900487554","deviceId":"684b55eff20ab3001efa6071","selections":[],"createdAt":"2025-06-15T15:17:25.617Z","id":"684ee405fde0f20017845978"}}, 130.1586 

 PlaceBet, Response Time: 0.3166504, Response: {"status":"error"}, 136.4919 
 PlaceBet Status Not OK, response: {"status":"error"}, 136.4919 
 PlaceBet, Response Time: 0.2999878, Response: {"status":"ok","data":{"freebet":false,"winnings":0,"potentialWinnings":0,"roundHasEnded":false,"payout":false,"cancelled":false,"stake":2000,"gameType":"aviatax","cashierId":"671e9e60b1418c7fd2eeb8cf","ticketId":"5249797668","betType":"single","playerId":"3","roundId":"17500006238312360","deviceId":"684b55eff20ab3001efa6071","selections":[],"createdAt":"2025-06-15T15:17:32.306Z","id":"684ee40ce1c395000ef8ebea"}}, 136.7419 
 PlaceBet, Response Time: 0.1999969, Response: {"status":"ok","data":{"freebet":false,"winnings":0,"potentialWinnings":0,"roundHasEnded":false,"payout":false,"cancelled":false,"stake":200,"gameType":"aviatax","cashierId":"671e9e60b1418c7fd2eeb8cf","ticketId":"4726221703","betType":"single","playerId":"2","roundId":"17500006238312360","deviceId":"684b55eff20ab3001efa6071","selections":[],"createdAt":"2025-06-15T15:17:33.624Z","id":"684ee40d9d17b50014a8cb14"}}, 138.0085 
 PlaceBet, Response Time: 0.2333374, Response: {"status":"ok","data":{"freebet":false,"winnings":0,"potentialWinnings":0,"roundHasEnded":false,"payout":false,"cancelled":false,"stake":200,"gameType":"aviatax","cashierId":"671e9e60b1418c7fd2eeb8cf","ticketId":"6144745328","betType":"single","playerId":"4","roundId":"17500006238312360","deviceId":"684b55eff20ab3001efa6071","selections":[],"createdAt":"2025-06-15T15:17:34.951Z","id":"684ee40ecbd1e400107cfff6"}}, 139.3752 

 PlaceBet, Response Time: 0.2499695, Response: {"status":"ok","data":{"freebet":false,"winnings":0,"potentialWinnings":0,"roundHasEnded":false,"payout":false,"cancelled":false,"stake":200,"gameType":"aviatax","cashierId":"671e9e60b1418c7fd2eeb8cf","ticketId":"5574212368","betType":"single","playerId":"4","roundId":"17500006414993240","deviceId":"684b55eff20ab3001efa6071","selections":[],"createdAt":"2025-06-15T15:17:45.521Z","id":"684ee41966a47400136afa22"}}, 149.9583 
 PlaceBet, Response Time: 0.4666595, Response: {"status":"error"}, 150.3583 
 PlaceBet Status Not OK, response: {"status":"error"}, 150.3583 
 Cashout, Response Time: 0.2500153, Response: {"status":"ok","data":{"wallet":3088.445833972984,"playLevel":200,"bonus":0,"freebet":false,"deviceId":"684b55eff20ab3001efa6071","cashierId":"671e9e60b1418c7fd2eeb8cf","playerId":4,"superAgentId":"6708d877f86545dd1d64ae0f","createdAt":"2025-06-12T22:36:13.499Z","id":"684b565d95dd5c0010284e41"}}, 168.4914 

 PlaceBet, Response Time: 0.2833405, Response: {"status":"ok","data":{"freebet":false,"winnings":0,"potentialWinnings":0,"roundHasEnded":false,"payout":false,"cancelled":false,"stake":200,"gameType":"aviatax","cashierId":"671e9e60b1418c7fd2eeb8cf","ticketId":"9164452276","betType":"single","playerId":"4","roundId":"17500006509343459","deviceId":"684b55eff20ab3001efa6071","selections":[],"createdAt":"2025-06-15T15:18:21.326Z","id":"684ee43d2610d8001c248131"}}, 185.7578 
 PlaceBet, Response Time: 0.2000122, Response: {"status":"error"}, 186.2245 
 PlaceBet Status Not OK, response: {"status":"error"}, 186.2245 
 PlaceBet, Response Time: 0.1999969, Response: {"status":"ok","data":{"freebet":true,"winnings":0,"potentialWinnings":0,"roundHasEnded":false,"payout":false,"cancelled":false,"stake":30.1,"gameType":"aviatax","cashierId":"671e9e60b1418c7fd2eeb8cf","ticketId":"6528890072","betType":"single","playerId":"3","roundId":"17500006509343459","deviceId":"684b55eff20ab3001efa6071","selections":[],"createdAt":"2025-06-15T15:18:22.200Z","id":"684ee43ef88c19000e0e4af8"}}, 186.5911 
 PlaceBet, Response Time: 0.2166443, Response: {"status":"ok","data":{"freebet":false,"winnings":0,"potentialWinnings":0,"roundHasEnded":false,"payout":false,"cancelled":false,"stake":200,"gameType":"aviatax","cashierId":"671e9e60b1418c7fd2eeb8cf","ticketId":"7911215462","betType":"single","playerId":"2","roundId":"17500006509343459","deviceId":"684b55eff20ab3001efa6071","selections":[],"createdAt":"2025-06-15T15:18:23.603Z","id":"684ee43ff18a9f000e38322e"}}, 187.9911 

 PlaceBet, Response Time: 0.2666626, Response: {"status":"error"}, 196.3576 
 PlaceBet Status Not OK, response: {"status":"error"}, 196.3576 
 PlaceBet, Response Time: 0.2166443, Response: {"status":"ok","data":{"freebet":false,"winnings":0,"potentialWinnings":0,"roundHasEnded":false,"payout":false,"cancelled":false,"stake":200,"gameType":"aviatax","cashierId":"671e9e60b1418c7fd2eeb8cf","ticketId":"4669371452","betType":"single","playerId":"4","roundId":"1750000663585994","deviceId":"684b55eff20ab3001efa6071","selections":[],"createdAt":"2025-06-15T15:18:32.501Z","id":"684ee448f88c19000e0e4b14"}}, 196.9076 
 PlaceBet, Response Time: 0.2333221, Response: {"status":"ok","data":{"freebet":false,"winnings":0,"potentialWinnings":0,"roundHasEnded":false,"payout":false,"cancelled":false,"stake":2000,"gameType":"aviatax","cashierId":"671e9e60b1418c7fd2eeb8cf","ticketId":"1345906752","betType":"single","playerId":"3","roundId":"1750000663585994","deviceId":"684b55eff20ab3001efa6071","selections":[],"createdAt":"2025-06-15T15:18:33.095Z","id":"684ee449f88c19000e0e4b2d"}}, 197.4743 
 PlaceBet, Response Time: 0.2166595, Response: {"status":"ok","data":{"freebet":false,"winnings":0,"potentialWinnings":0,"roundHasEnded":false,"payout":false,"cancelled":false,"stake":200,"gameType":"aviatax","cashierId":"671e9e60b1418c7fd2eeb8cf","ticketId":"6758482384","betType":"single","playerId":"2","roundId":"1750000663585994","deviceId":"684b55eff20ab3001efa6071","selections":[],"createdAt":"2025-06-15T15:18:33.933Z","id":"684ee4499a25680011fdca9d"}}, 198.3409 

 PlaceBet, Response Time: 0.1999969, Response: {"status":"ok","data":{"freebet":true,"winnings":0,"potentialWinnings":0,"roundHasEnded":false,"payout":false,"cancelled":false,"stake":200,"gameType":"aviatax","cashierId":"671e9e60b1418c7fd2eeb8cf","ticketId":"1546591711","betType":"single","playerId":"4","roundId":"17500006996991641","deviceId":"684b55eff20ab3001efa6071","selections":[],"createdAt":"2025-06-15T15:18:41.210Z","id":"684ee4519b9f2e001077a440"}}, 205.5908 
 PlaceBet, Response Time: 0.1833191, Response: {"status":"error"}, 206.6075 
 PlaceBet Status Not OK, response: {"status":"error"}, 206.6075 
 PlaceBet, Response Time: 0.1999969, Response: {"status":"ok","data":{"freebet":false,"winnings":0,"potentialWinnings":0,"roundHasEnded":false,"payout":false,"cancelled":false,"stake":2000,"gameType":"aviatax","cashierId":"671e9e60b1418c7fd2eeb8cf","ticketId":"3201960592","betType":"single","playerId":"3","roundId":"17500006996991641","deviceId":"684b55eff20ab3001efa6071","selections":[],"createdAt":"2025-06-15T15:18:42.482Z","id":"684ee45288a8b9001ecbc09b"}}, 206.8742 
 PlaceBet, Response Time: 0.2166443, Response: {"status":"ok","data":{"freebet":false,"winnings":0,"potentialWinnings":0,"roundHasEnded":false,"payout":false,"cancelled":false,"stake":200,"gameType":"aviatax","cashierId":"671e9e60b1418c7fd2eeb8cf","ticketId":"5164838983","betType":"single","playerId":"2","roundId":"17500006996991641","deviceId":"684b55eff20ab3001efa6071","selections":[],"createdAt":"2025-06-15T15:18:44.655Z","id":"684ee454e9cc440010e369a5"}}, 209.0408 

 PlaceBet, Response Time: 0.1999969, Response: {"status":"ok","data":{"freebet":false,"winnings":0,"potentialWinnings":0,"roundHasEnded":false,"payout":false,"cancelled":false,"stake":200,"gameType":"aviatax","cashierId":"671e9e60b1418c7fd2eeb8cf","ticketId":"3891146957","betType":"single","playerId":"2","roundId":"17500007099315230","deviceId":"684b55eff20ab3001efa6071","selections":[],"createdAt":"2025-06-15T15:18:53.352Z","id":"684ee45dc8b47e0013945ee1"}}, 217.7407 
 PlaceBet, Response Time: 0.1999969, Response: {"status":"ok","data":{"freebet":false,"winnings":0,"potentialWinnings":0,"roundHasEnded":false,"payout":false,"cancelled":false,"stake":2000,"gameType":"aviatax","cashierId":"671e9e60b1418c7fd2eeb8cf","ticketId":"3999138203","betType":"single","playerId":"3","roundId":"17500007099315230","deviceId":"684b55eff20ab3001efa6071","selections":[],"createdAt":"2025-06-15T15:18:54.302Z","id":"684ee45e2610d8001c24814c"}}, 218.6906 
 PlaceBet, Response Time: 0.1999969, Response: {"status":"ok","data":{"freebet":false,"winnings":0,"potentialWinnings":0,"roundHasEnded":false,"payout":false,"cancelled":false,"stake":30.1,"gameType":"aviatax","cashierId":"671e9e60b1418c7fd2eeb8cf","ticketId":"1242030109","betType":"single","playerId":"4","roundId":"17500007099315230","deviceId":"684b55eff20ab3001efa6071","selections":[],"createdAt":"2025-06-15T15:18:54.522Z","id":"684ee45e9d17b50014a8cb34"}}, 218.9073 
 PlaceBet, Response Time: 0.1833496, Response: {"status":"error"}, 219.1073 
 PlaceBet Status Not OK, response: {"status":"error"}, 219.1073 

 PlaceBet, Response Time: 0.2166443, Response: {"status":"ok","data":{"freebet":false,"winnings":0,"potentialWinnings":0,"roundHasEnded":false,"payout":false,"cancelled":false,"stake":200,"gameType":"aviatax","cashierId":"671e9e60b1418c7fd2eeb8cf","ticketId":"8983052942","betType":"single","playerId":"2","roundId":"17500007199667117","deviceId":"684b55eff20ab3001efa6071","selections":[],"createdAt":"2025-06-15T15:19:03.039Z","id":"684ee467fbf2f900115d7b66"}}, 227.4238 
 PlaceBet, Response Time: 0.2166595, Response: {"status":"ok","data":{"freebet":false,"winnings":0,"potentialWinnings":0,"roundHasEnded":false,"payout":false,"cancelled":false,"stake":200,"gameType":"aviatax","cashierId":"671e9e60b1418c7fd2eeb8cf","ticketId":"6906934390","betType":"single","playerId":"4","roundId":"17500007199667117","deviceId":"684b55eff20ab3001efa6071","selections":[],"createdAt":"2025-06-15T15:19:03.467Z","id":"684ee467a7e16c00266e1ab7"}}, 227.8572 
 PlaceBet, Response Time: 0.2666779, Response: {"status":"ok","data":{"freebet":true,"winnings":0,"potentialWinnings":0,"roundHasEnded":false,"payout":false,"cancelled":false,"stake":30.1,"gameType":"aviatax","cashierId":"671e9e60b1418c7fd2eeb8cf","ticketId":"5311689628","betType":"single","playerId":"3","roundId":"17500007199667117","deviceId":"684b55eff20ab3001efa6071","selections":[],"createdAt":"2025-06-15T15:19:03.718Z","id":"684ee467d354ca00209ed708"}}, 228.1572 
 PlaceBet, Response Time: 0.1833496, Response: {"status":"error"}, 229.9072 
 PlaceBet Status Not OK, response: {"status":"error"}, 229.9072 

 PlaceBet, Response Time: 0.1999969, Response: {"status":"error"}, 237.8404 
 PlaceBet Status Not OK, response: {"status":"error"}, 237.8404 
 PlaceBet, Response Time: 0.2499695, Response: {"status":"ok","data":{"freebet":false,"winnings":0,"potentialWinnings":0,"roundHasEnded":false,"payout":false,"cancelled":false,"stake":2000,"gameType":"aviatax","cashierId":"671e9e60b1418c7fd2eeb8cf","ticketId":"3748605540","betType":"single","playerId":"3","roundId":"17500007320006843","deviceId":"684b55eff20ab3001efa6071","selections":[],"createdAt":"2025-06-15T15:19:15.399Z","id":"684ee4732277eb000fd950c7"}}, 239.8403 
 PlaceBet, Response Time: 0.4166718, Response: {"status":"ok","data":{"freebet":false,"winnings":0,"potentialWinnings":0,"roundHasEnded":false,"payout":false,"cancelled":false,"stake":200,"gameType":"aviatax","cashierId":"671e9e60b1418c7fd2eeb8cf","ticketId":"9837475790","betType":"single","playerId":"2","roundId":"17500007320006843","deviceId":"684b55eff20ab3001efa6071","selections":[],"createdAt":"2025-06-15T15:19:15.655Z","id":"684ee47365328c00105ed9b0"}}, 240.0903 

 PlaceBet, Response Time: 0.1999969, Response: {"status":"ok","data":{"freebet":false,"winnings":0,"potentialWinnings":0,"roundHasEnded":false,"payout":false,"cancelled":false,"stake":200,"gameType":"aviatax","cashierId":"671e9e60b1418c7fd2eeb8cf","ticketId":"7972978101","betType":"single","playerId":"4","roundId":"17500007418327138","deviceId":"684b55eff20ab3001efa6071","selections":[],"createdAt":"2025-06-15T15:19:26.769Z","id":"684ee47e4f7b68000e7cafec"}}, 251.1568 
 PlaceBet, Response Time: 0.2666626, Response: {"status":"error"}, 252.1401 
 PlaceBet Status Not OK, response: {"status":"error"}, 252.1401 
 PlaceBet, Response Time: 0.1999817, Response: {"status":"ok","data":{"freebet":false,"winnings":0,"potentialWinnings":0,"roundHasEnded":false,"payout":false,"cancelled":false,"stake":200,"gameType":"aviatax","cashierId":"671e9e60b1418c7fd2eeb8cf","ticketId":"3541639680","betType":"single","playerId":"2","roundId":"17500007418327138","deviceId":"684b55eff20ab3001efa6071","selections":[],"createdAt":"2025-06-15T15:19:28.455Z","id":"684ee4808ebf86000fbf1a86"}}, 252.8401 

 PlaceBet, Response Time: 0.1833191, Response: {"status":"error"}, 261.34 
 PlaceBet Status Not OK, response: {"status":"error"}, 261.34 
 PlaceBet, Response Time: 0.2833252, Response: {"status":"ok","data":{"freebet":true,"winnings":0,"potentialWinnings":0,"roundHasEnded":false,"payout":false,"cancelled":false,"stake":30.1,"gameType":"aviatax","cashierId":"671e9e60b1418c7fd2eeb8cf","ticketId":"5640958845","betType":"single","playerId":"2","roundId":"17500007521508542","deviceId":"684b55eff20ab3001efa6071","selections":[],"createdAt":"2025-06-15T15:19:37.746Z","id":"684ee4895cca9e001a401f6c"}}, 262.14 
 PlaceBet, Response Time: 0.2166443, Response: {"status":"ok","data":{"freebet":false,"winnings":0,"potentialWinnings":0,"roundHasEnded":false,"payout":false,"cancelled":false,"stake":200,"gameType":"aviatax","cashierId":"671e9e60b1418c7fd2eeb8cf","ticketId":"6372081130","betType":"single","playerId":"4","roundId":"17500007521508542","deviceId":"684b55eff20ab3001efa6071","selections":[],"createdAt":"2025-06-15T15:19:38.923Z","id":"684ee48ae0174000107ff8ed"}}, 263.3066 
 Cashout, Response Time: 0.2000427, Response: {"status":"ok","data":{"wallet":2308.345833972984,"playLevel":200,"bonus":0,"freebet":false,"deviceId":"684b55eff20ab3001efa6071","cashierId":"671e9e60b1418c7fd2eeb8cf","playerId":4,"superAgentId":"6708d877f86545dd1d64ae0f","createdAt":"2025-06-12T22:36:13.499Z","id":"684b565d95dd5c0010284e41"}}, 267.9733 

 PlaceBet, Response Time: 0.2166748, Response: {"status":"ok","data":{"freebet":false,"winnings":0,"potentialWinnings":0,"roundHasEnded":false,"payout":false,"cancelled":false,"stake":200,"gameType":"aviatax","cashierId":"671e9e60b1418c7fd2eeb8cf","ticketId":"5870374836","betType":"single","playerId":"2","roundId":"17500007652969303","deviceId":"684b55eff20ab3001efa6071","selections":[],"createdAt":"2025-06-15T15:19:54.201Z","id":"684ee49a16a9560010db7101"}}, 278.5898 
 PlaceBet, Response Time: 0.2166748, Response: {"status":"error"}, 280.6397 
 PlaceBet Status Not OK, response: {"status":"error"}, 280.6397 
 PlaceBet, Response Time: 0.1999817, Response: {"status":"ok","data":{"freebet":false,"winnings":0,"potentialWinnings":0,"roundHasEnded":false,"payout":false,"cancelled":false,"stake":200,"gameType":"aviatax","cashierId":"671e9e60b1418c7fd2eeb8cf","ticketId":"7344652099","betType":"single","playerId":"4","roundId":"17500007652969303","deviceId":"684b55eff20ab3001efa6071","selections":[],"createdAt":"2025-06-15T15:19:56.648Z","id":"684ee49cadbafe000e0e9890"}}, 281.0397 

 PlaceBet, Response Time: 0.1999817, Response: {"status":"ok","data":{"freebet":false,"winnings":0,"potentialWinnings":0,"roundHasEnded":false,"payout":false,"cancelled":false,"stake":200,"gameType":"aviatax","cashierId":"671e9e60b1418c7fd2eeb8cf","ticketId":"9155977825","betType":"single","playerId":"2","roundId":"17500007755193754","deviceId":"684b55eff20ab3001efa6071","selections":[],"createdAt":"2025-06-15T15:20:04.333Z","id":"684ee4a4b117a8000e69e6ed"}}, 288.723 
 PlaceBet, Response Time: 0.2000122, Response: {"status":"ok","data":{"freebet":false,"winnings":0,"potentialWinnings":0,"roundHasEnded":false,"payout":false,"cancelled":false,"stake":200,"gameType":"aviatax","cashierId":"671e9e60b1418c7fd2eeb8cf","ticketId":"4030200591","betType":"single","playerId":"4","roundId":"17500007755193754","deviceId":"684b55eff20ab3001efa6071","selections":[],"createdAt":"2025-06-15T15:20:04.525Z","id":"684ee4a488a8b9001ecbc0b6"}}, 288.9063 
 PlaceBet, Response Time: 0.2000122, Response: {"status":"error"}, 290.623 
 PlaceBet Status Not OK, response: {"status":"error"}, 290.623 

 PlaceBet, Response Time: 0.2333374, Response: {"status":"ok","data":{"freebet":false,"winnings":0,"potentialWinnings":0,"roundHasEnded":false,"payout":false,"cancelled":false,"stake":200,"gameType":"aviatax","cashierId":"671e9e60b1418c7fd2eeb8cf","ticketId":"2990747944","betType":"single","playerId":"2","roundId":"17500007925716778","deviceId":"684b55eff20ab3001efa6071","selections":[],"createdAt":"2025-06-15T15:20:25.078Z","id":"684ee4b9a10c8e00207fc4ec"}}, 309.456 
 PlaceBet, Response Time: 0.2666626, Response: {"status":"error"}, 310.406 
 PlaceBet Status Not OK, response: {"status":"error"}, 310.406 
 PlaceBet, Response Time: 0.2166748, Response: {"status":"ok","data":{"freebet":false,"winnings":0,"potentialWinnings":0,"roundHasEnded":false,"payout":false,"cancelled":false,"stake":200,"gameType":"aviatax","cashierId":"671e9e60b1418c7fd2eeb8cf","ticketId":"3079795117","betType":"single","playerId":"4","roundId":"17500007925716778","deviceId":"684b55eff20ab3001efa6071","selections":[],"createdAt":"2025-06-15T15:20:27.435Z","id":"684ee4bb99ab710014279824"}}, 311.8393 

 PlaceBet, Response Time: 0.3999634, Response: {"status":"ok","data":{"freebet":false,"winnings":0,"potentialWinnings":0,"roundHasEnded":false,"payout":false,"cancelled":false,"stake":200,"gameType":"aviatax","cashierId":"671e9e60b1418c7fd2eeb8cf","ticketId":"9294992093","betType":"single","playerId":"2","roundId":"17500008019968629","deviceId":"684b55eff20ab3001efa6071","selections":[],"createdAt":"2025-06-15T15:20:40.926Z","id":"684ee4c8e7a25e0010f0090d"}}, 325.3557 
 PlaceBet, Response Time: 0.2333374, Response: {"status":"error"}, 325.5224 
 PlaceBet Status Not OK, response: {"status":"error"}, 325.5224 
 PlaceBet, Response Time: 0.3833008, Response: {"status":"ok","data":{"freebet":false,"winnings":0,"potentialWinnings":0,"roundHasEnded":false,"payout":false,"cancelled":false,"stake":200,"gameType":"aviatax","cashierId":"671e9e60b1418c7fd2eeb8cf","ticketId":"7144472178","betType":"single","playerId":"4","roundId":"17500008019968629","deviceId":"684b55eff20ab3001efa6071","selections":[],"createdAt":"2025-06-15T15:20:41.340Z","id":"684ee4c9094703001100e96d"}}, 325.7557 

 PlaceBet, Response Time: 0.1999817, Response: {"status":"ok","data":{"freebet":false,"winnings":0,"potentialWinnings":0,"roundHasEnded":false,"payout":false,"cancelled":false,"stake":200,"gameType":"aviatax","cashierId":"671e9e60b1418c7fd2eeb8cf","ticketId":"9017390951","betType":"single","playerId":"2","roundId":"17500008232629306","deviceId":"684b55eff20ab3001efa6071","selections":[],"createdAt":"2025-06-15T15:20:54.824Z","id":"684ee4d67f2cc7000fc199f3"}}, 339.2055 
 PlaceBet, Response Time: 0.1999817, Response: {"status":"error"}, 340.0055 
 PlaceBet Status Not OK, response: {"status":"error"}, 340.0055 
 PlaceBet, Response Time: 0.2166748, Response: {"status":"ok","data":{"freebet":false,"winnings":0,"potentialWinnings":0,"roundHasEnded":false,"payout":false,"cancelled":false,"stake":200,"gameType":"aviatax","cashierId":"671e9e60b1418c7fd2eeb8cf","ticketId":"7989299393","betType":"single","playerId":"4","roundId":"17500008232629306","deviceId":"684b55eff20ab3001efa6071","selections":[],"createdAt":"2025-06-15T15:20:56.953Z","id":"684ee4d88611f3001165f507"}}, 341.3555 

 drop-jackpot, {"playerId":2,"jackpotAmount":1000,"jackpotType":"Bronze"}, 357.1719 
 DropJackpot Successfull, Jackpot sent to Player: 2, 357.1719 
 drop-jackpot, {"playerId":2,"jackpotAmount":1000,"jackpotType":"Silver"}, 357.6553 
 DropJackpot Successfull, Jackpot sent to Player: 2, 357.6719 
 PlaceBet, Response Time: 0.2166748, Response: {"status":"error"}, 361.8552 
 PlaceBet Status Not OK, response: {"status":"error"}, 361.8552 
 PlaceBet, Response Time: 0.3000183, Response: {"status":"ok","data":{"freebet":false,"winnings":0,"potentialWinnings":0,"roundHasEnded":false,"payout":false,"cancelled":false,"stake":200,"gameType":"aviatax","cashierId":"671e9e60b1418c7fd2eeb8cf","ticketId":"5034129726","betType":"single","playerId":"2","roundId":"17500008385995675","deviceId":"684b55eff20ab3001efa6071","selections":[],"createdAt":"2025-06-15T15:21:17.550Z","id":"684ee4edd1b2b7000fa92a66"}}, 361.9385 
 PlaceBet, Response Time: 0.2333374, Response: {"status":"ok","data":{"freebet":false,"winnings":0,"potentialWinnings":0,"roundHasEnded":false,"payout":false,"cancelled":false,"stake":200,"gameType":"aviatax","cashierId":"671e9e60b1418c7fd2eeb8cf","ticketId":"4138038313","betType":"single","playerId":"4","roundId":"17500008385995675","deviceId":"684b55eff20ab3001efa6071","selections":[],"createdAt":"2025-06-15T15:21:19.359Z","id":"684ee4efcc590f001b525f5a"}}, 363.7552 
 Cashout, Response Time: 0.2166748, Response: {"status":"ok","data":{"wallet":1510.345833972984,"playLevel":200,"bonus":0,"freebet":false,"deviceId":"684b55eff20ab3001efa6071","cashierId":"671e9e60b1418c7fd2eeb8cf","playerId":4,"superAgentId":"6708d877f86545dd1d64ae0f","createdAt":"2025-06-12T22:36:13.499Z","id":"684b565d95dd5c0010284e41"}}, 371.605 

 PlaceBet, Response Time: 0.25, Response: {"status":"error"}, 379.8383 
 PlaceBet Status Not OK, response: {"status":"error"}, 379.8383 
 PlaceBet, Response Time: 0.2333374, Response: {"status":"ok","data":{"freebet":false,"winnings":0,"potentialWinnings":0,"roundHasEnded":false,"payout":false,"cancelled":false,"stake":200,"gameType":"aviatax","cashierId":"671e9e60b1418c7fd2eeb8cf","ticketId":"6735414624","betType":"single","playerId":"4","roundId":"17500008529257906","deviceId":"684b55eff20ab3001efa6071","selections":[],"createdAt":"2025-06-15T15:21:36.533Z","id":"684ee5004ddeef001a91faed"}}, 380.9549 
 PlaceBet, Response Time: 0.25, Response: {"status":"ok","data":{"freebet":false,"winnings":0,"potentialWinnings":0,"roundHasEnded":false,"payout":false,"cancelled":false,"stake":200,"gameType":"aviatax","cashierId":"671e9e60b1418c7fd2eeb8cf","ticketId":"7503970446","betType":"single","playerId":"2","roundId":"17500008529257906","deviceId":"684b55eff20ab3001efa6071","selections":[],"createdAt":"2025-06-15T15:21:38.202Z","id":"684ee502769eb8001a50c76e"}}, 382.6382 
 Cashout, Response Time: 0.1999817, Response: {"status":"ok","data":{"wallet":1622.345833972984,"playLevel":200,"bonus":0,"freebet":false,"deviceId":"684b55eff20ab3001efa6071","cashierId":"671e9e60b1418c7fd2eeb8cf","playerId":4,"superAgentId":"6708d877f86545dd1d64ae0f","createdAt":"2025-06-12T22:36:13.499Z","id":"684b565d95dd5c0010284e41"}}, 387.9048 
 Cashout, Response Time: 0.2333374, Response: {"status":"ok","data":{"wallet":7211.735878601021,"playLevel":200,"bonus":0,"freebet":true,"deviceId":"684b55eff20ab3001efa6071","cashierId":"671e9e60b1418c7fd2eeb8cf","playerId":2,"superAgentId":"6708d877f86545dd1d64ae0f","createdAt":"2025-06-12T22:36:11.709Z","id":"684b565bb84283001eb2f607"}}, 402.6379 

 PlaceBet, Response Time: 0.1833191, Response: {"status":"error"}, 410.1545 
 PlaceBet Status Not OK, response: {"status":"error"}, 410.1545 
 PlaceBet, Response Time: 0.2000122, Response: {"status":"ok","data":{"freebet":true,"winnings":0,"potentialWinnings":0,"roundHasEnded":false,"payout":false,"cancelled":false,"stake":30.1,"gameType":"aviatax","cashierId":"671e9e60b1418c7fd2eeb8cf","ticketId":"7306279923","betType":"single","playerId":"2","roundId":"17500008751703123","deviceId":"684b55eff20ab3001efa6071","selections":[],"createdAt":"2025-06-15T15:22:05.888Z","id":"684ee51da445b30010711fb4"}}, 410.2711 
 PlaceBet, Response Time: 0.2000122, Response: {"status":"ok","data":{"freebet":false,"winnings":0,"potentialWinnings":0,"roundHasEnded":false,"payout":false,"cancelled":false,"stake":200,"gameType":"aviatax","cashierId":"671e9e60b1418c7fd2eeb8cf","ticketId":"4972719547","betType":"single","playerId":"4","roundId":"17500008751703123","deviceId":"684b55eff20ab3001efa6071","selections":[],"createdAt":"2025-06-15T15:22:07.786Z","id":"684ee51f094703001100e988"}}, 412.1711 

 PlaceBet, Response Time: 0.2333374, Response: {"status":"ok","data":{"freebet":false,"winnings":0,"potentialWinnings":0,"roundHasEnded":false,"payout":false,"cancelled":false,"stake":200,"gameType":"aviatax","cashierId":"671e9e60b1418c7fd2eeb8cf","ticketId":"3595285754","betType":"single","playerId":"4","roundId":"17500008936187989","deviceId":"684b55eff20ab3001efa6071","selections":[],"createdAt":"2025-06-15T15:22:20.560Z","id":"684ee52c015875000f6d353d"}}, 424.9543 
 PlaceBet, Response Time: 0.2333069, Response: {"status":"error"}, 426.1709 
 PlaceBet Status Not OK, response: {"status":"error"}, 426.1709 

 Cashout, Response Time: 0.2166748, Response: {"status":"ok","data":{"wallet":2392.345833972984,"playLevel":200,"bonus":0,"freebet":false,"deviceId":"684b55eff20ab3001efa6071","cashierId":"671e9e60b1418c7fd2eeb8cf","playerId":4,"superAgentId":"6708d877f86545dd1d64ae0f","createdAt":"2025-06-12T22:36:13.499Z","id":"684b565d95dd5c0010284e41"}}, 442.154 
 PlaceBet, Response Time: 0.1999817, Response: {"status":"ok","data":{"freebet":false,"winnings":0,"potentialWinnings":0,"roundHasEnded":false,"payout":false,"cancelled":false,"stake":200,"gameType":"aviatax","cashierId":"671e9e60b1418c7fd2eeb8cf","ticketId":"1132263702","betType":"single","playerId":"2","roundId":"17500009242977692","deviceId":"684b55eff20ab3001efa6071","selections":[],"createdAt":"2025-06-15T15:22:42.949Z","id":"684ee542d48fd8000f263dfb"}}, 447.3373 
 PlaceBet, Response Time: 0.1833191, Response: {"status":"error"}, 447.9706 
 PlaceBet Status Not OK, response: {"status":"error"}, 447.9706 
 PlaceBet, Response Time: 0.1999817, Response: {"status":"ok","data":{"freebet":false,"winnings":0,"potentialWinnings":0,"roundHasEnded":false,"payout":false,"cancelled":false,"stake":200,"gameType":"aviatax","cashierId":"671e9e60b1418c7fd2eeb8cf","ticketId":"3573224778","betType":"single","playerId":"4","roundId":"17500009242977692","deviceId":"684b55eff20ab3001efa6071","selections":[],"createdAt":"2025-06-15T15:22:44.885Z","id":"684ee544b808fe00182d54cf"}}, 449.2706 

 PlaceBet, Response Time: 0.1999817, Response: {"status":"error"}, 460.6704 
 PlaceBet Status Not OK, response: {"status":"error"}, 460.6704 
 PlaceBet, Response Time: 0.2499695, Response: {"status":"ok","data":{"freebet":false,"winnings":0,"potentialWinnings":0,"roundHasEnded":false,"payout":false,"cancelled":false,"stake":200,"gameType":"aviatax","cashierId":"671e9e60b1418c7fd2eeb8cf","ticketId":"2680195682","betType":"single","playerId":"4","roundId":"17500009371459942","deviceId":"684b55eff20ab3001efa6071","selections":[],"createdAt":"2025-06-15T15:22:57.009Z","id":"684ee551e2aef600153cde60"}}, 461.437 
 PlaceBet, Response Time: 0.1999817, Response: {"status":"ok","data":{"freebet":false,"winnings":0,"potentialWinnings":0,"roundHasEnded":false,"payout":false,"cancelled":false,"stake":200,"gameType":"aviatax","cashierId":"671e9e60b1418c7fd2eeb8cf","ticketId":"3548267502","betType":"single","playerId":"2","roundId":"17500009371459942","deviceId":"684b55eff20ab3001efa6071","selections":[],"createdAt":"2025-06-15T15:22:58.238Z","id":"684ee5527059350010ec2660"}}, 462.6204 

 PlaceBet, Response Time: 0.2333679, Response: {"status":"ok","data":{"freebet":false,"winnings":0,"potentialWinnings":0,"roundHasEnded":false,"payout":false,"cancelled":false,"stake":200,"gameType":"aviatax","cashierId":"671e9e60b1418c7fd2eeb8cf","ticketId":"7736888068","betType":"single","playerId":"4","roundId":"17500009609909967","deviceId":"684b55eff20ab3001efa6071","selections":[],"createdAt":"2025-06-15T15:23:05.204Z","id":"684ee5598ebf86000fbf1aa8"}}, 469.6036 
 PlaceBet, Response Time: 0.2000122, Response: {"status":"ok","data":{"freebet":false,"winnings":0,"potentialWinnings":0,"roundHasEnded":false,"payout":false,"cancelled":false,"stake":200,"gameType":"aviatax","cashierId":"671e9e60b1418c7fd2eeb8cf","ticketId":"4656862160","betType":"single","playerId":"2","roundId":"17500009609909967","deviceId":"684b55eff20ab3001efa6071","selections":[],"createdAt":"2025-06-15T15:23:07.639Z","id":"684ee55bcc590f001b525f75"}}, 472.0202 
 PlaceBet, Response Time: 0.1999817, Response: {"status":"error"}, 473.1202 
 PlaceBet Status Not OK, response: {"status":"error"}, 473.1202 
 Cashout, Response Time: 0.1999817, Response: {"status":"ok","data":{"wallet":7239.735878601021,"playLevel":200,"bonus":0,"freebet":false,"deviceId":"684b55eff20ab3001efa6071","cashierId":"671e9e60b1418c7fd2eeb8cf","playerId":2,"superAgentId":"6708d877f86545dd1d64ae0f","createdAt":"2025-06-12T22:36:11.709Z","id":"684b565bb84283001eb2f607"}}, 483.8701 

 PlaceBet, Response Time: 0.25, Response: {"status":"ok","data":{"freebet":false,"winnings":0,"potentialWinnings":0,"roundHasEnded":false,"payout":false,"cancelled":false,"stake":200,"gameType":"aviatax","cashierId":"671e9e60b1418c7fd2eeb8cf","ticketId":"6303469600","betType":"single","playerId":"4","roundId":"17500009746204077","deviceId":"684b55eff20ab3001efa6071","selections":[],"createdAt":"2025-06-15T15:23:27.410Z","id":"684ee56ff88c19000e0e4b62"}}, 491.8366 
 PlaceBet, Response Time: 0.2666626, Response: {"status":"ok","data":{"freebet":false,"winnings":0,"potentialWinnings":0,"roundHasEnded":false,"payout":false,"cancelled":false,"stake":200,"gameType":"aviatax","cashierId":"671e9e60b1418c7fd2eeb8cf","ticketId":"1816389506","betType":"single","playerId":"2","roundId":"17500009746204077","deviceId":"684b55eff20ab3001efa6071","selections":[],"createdAt":"2025-06-15T15:23:27.660Z","id":"684ee56fc58c2600233f852e"}}, 492.0366 
 CreatePlayer, Response Time: 0.3166504, Response: {"status":"ok","data":{"wallet":0,"bonus":0,"playLevel":20,"freebet":false,"deviceId":"684b55eff20ab3001efa6071","cashierId":"671e9e60b1418c7fd2eeb8cf","playerId":11,"superAgentId":"6708d877f86545dd1d64ae0f","id":"684ee5703418fa000f9449d1"}}, 493.1199 
 PlaceBet, Response Time: 0.2166748, Response: {"status":"error"}, 493.6366 
 PlaceBet Status Not OK, response: {"status":"error"}, 493.6366 

 PlaceBet, Response Time: 0.1999817, Response: {"status":"ok","data":{"freebet":false,"winnings":0,"potentialWinnings":0,"roundHasEnded":false,"payout":false,"cancelled":false,"stake":200,"gameType":"aviatax","cashierId":"671e9e60b1418c7fd2eeb8cf","ticketId":"8241701380","betType":"single","playerId":"2","roundId":"17500009840461173","deviceId":"684b55eff20ab3001efa6071","selections":[],"createdAt":"2025-06-15T15:23:41.755Z","id":"684ee57dfd4604001abaa29b"}}, 506.1364 
 PlaceBet, Response Time: 0.2000122, Response: {"status":"error"}, 506.8698 
 PlaceBet Status Not OK, response: {"status":"error"}, 506.8698 
 PlaceBet, Response Time: 0.2166443, Response: {"status":"ok","data":{"freebet":false,"winnings":0,"potentialWinnings":0,"roundHasEnded":false,"payout":false,"cancelled":false,"stake":200,"gameType":"aviatax","cashierId":"671e9e60b1418c7fd2eeb8cf","ticketId":"5545097277","betType":"single","playerId":"4","roundId":"17500009840461173","deviceId":"684b55eff20ab3001efa6071","selections":[],"createdAt":"2025-06-15T15:23:43.143Z","id":"684ee57fc58c2600233f8549"}}, 507.5197 

 PlaceBet, Response Time: 0.25, Response: {"status":"ok","data":{"freebet":false,"winnings":0,"potentialWinnings":0,"roundHasEnded":false,"payout":false,"cancelled":false,"stake":200,"gameType":"aviatax","cashierId":"671e9e60b1418c7fd2eeb8cf","ticketId":"4163991498","betType":"single","playerId":"4","roundId":"17500010052854688","deviceId":"684b55eff20ab3001efa6071","selections":[],"createdAt":"2025-06-15T15:23:54.540Z","id":"684ee58a0cf8930011a58055"}}, 518.9529 
 PlaceBet, Response Time: 0.3000488, Response: {"status":"error"}, 519.1362 
 PlaceBet Status Not OK, response: {"status":"error"}, 519.1362 
 PlaceBet, Response Time: 0.2166138, Response: {"status":"ok","data":{"freebet":false,"winnings":0,"potentialWinnings":0,"roundHasEnded":false,"payout":false,"cancelled":false,"stake":200,"gameType":"aviatax","cashierId":"671e9e60b1418c7fd2eeb8cf","ticketId":"2675326632","betType":"single","playerId":"2","roundId":"17500010052854688","deviceId":"684b55eff20ab3001efa6071","selections":[],"createdAt":"2025-06-15T15:23:55.774Z","id":"684ee58ba445b30010711fd3"}}, 520.1695 
 Cashout, Response Time: 0.2000122, Response: {"status":"ok","data":{"wallet":6901.735878601021,"playLevel":200,"bonus":0,"freebet":false,"deviceId":"684b55eff20ab3001efa6071","cashierId":"671e9e60b1418c7fd2eeb8cf","playerId":2,"superAgentId":"6708d877f86545dd1d64ae0f","createdAt":"2025-06-12T22:36:11.709Z","id":"684b565bb84283001eb2f607"}}, 525.6861 

 PlaceBet, Response Time: 0.2166748, Response: {"status":"ok","data":{"freebet":false,"winnings":0,"potentialWinnings":0,"roundHasEnded":false,"payout":false,"cancelled":false,"stake":200,"gameType":"aviatax","cashierId":"671e9e60b1418c7fd2eeb8cf","ticketId":"6609348338","betType":"single","playerId":"2","roundId":"1750001018417389","deviceId":"684b55eff20ab3001efa6071","selections":[],"createdAt":"2025-06-15T15:24:12.757Z","id":"684ee59ccbd1e400107d0016"}}, 537.1526 
 PlaceBet, Response Time: 0.1833496, Response: {"status":"error"}, 538.9193 
 PlaceBet Status Not OK, response: {"status":"error"}, 538.9193 
 PlaceBet, Response Time: 0.2332764, Response: {"status":"ok","data":{"freebet":false,"winnings":0,"potentialWinnings":0,"roundHasEnded":false,"payout":false,"cancelled":false,"stake":200,"gameType":"aviatax","cashierId":"671e9e60b1418c7fd2eeb8cf","ticketId":"4753063196","betType":"single","playerId":"4","roundId":"1750001018417389","deviceId":"684b55eff20ab3001efa6071","selections":[],"createdAt":"2025-06-15T15:24:14.852Z","id":"684ee59eaf71fd00117946f1"}}, 539.2692 

 PlaceBet, Response Time: 0.2999878, Response: {"status":"error"}, 547.2025 
 PlaceBet Status Not OK, response: {"status":"error"}, 547.2025 
 PlaceBet, Response Time: 0.2166748, Response: {"status":"ok","data":{"freebet":false,"winnings":0,"potentialWinnings":0,"roundHasEnded":false,"payout":false,"cancelled":false,"stake":200,"gameType":"aviatax","cashierId":"671e9e60b1418c7fd2eeb8cf","ticketId":"2157447184","betType":"single","playerId":"4","roundId":"17500010327794843","deviceId":"684b55eff20ab3001efa6071","selections":[],"createdAt":"2025-06-15T15:24:23.385Z","id":"684ee5a766a47400136afa45"}}, 547.7858 
 PlaceBet, Response Time: 0.2000122, Response: {"status":"ok","data":{"freebet":true,"winnings":0,"potentialWinnings":0,"roundHasEnded":false,"payout":false,"cancelled":false,"stake":30.1,"gameType":"aviatax","cashierId":"671e9e60b1418c7fd2eeb8cf","ticketId":"2073567635","betType":"single","playerId":"2","roundId":"17500010327794843","deviceId":"684b55eff20ab3001efa6071","selections":[],"createdAt":"2025-06-15T15:24:23.659Z","id":"684ee5a7c8b47e0013945efe"}}, 548.0358 
 Cashout, Response Time: 0.2833252, Response: {"status":"ok","data":{"wallet":1164.345833972984,"playLevel":200,"bonus":0,"freebet":false,"deviceId":"684b55eff20ab3001efa6071","cashierId":"671e9e60b1418c7fd2eeb8cf","playerId":4,"superAgentId":"6708d877f86545dd1d64ae0f","createdAt":"2025-06-12T22:36:13.499Z","id":"684b565d95dd5c0010284e41"}}, 556.0023 
 Cashout, Response Time: 0.2833252, Response: {"status":"ok","data":{"wallet":6732.136878601021,"playLevel":200,"bonus":0,"freebet":false,"deviceId":"684b55eff20ab3001efa6071","cashierId":"671e9e60b1418c7fd2eeb8cf","playerId":2,"superAgentId":"6708d877f86545dd1d64ae0f","createdAt":"2025-06-12T22:36:11.709Z","id":"684b565bb84283001eb2f607"}}, 556.719 

 PlaceBet, Response Time: 0.2166748, Response: {"status":"ok","data":{"freebet":false,"winnings":0,"potentialWinnings":0,"roundHasEnded":false,"payout":false,"cancelled":false,"stake":200,"gameType":"aviatax","cashierId":"671e9e60b1418c7fd2eeb8cf","ticketId":"4177367191","betType":"single","playerId":"2","roundId":"17500010502409324","deviceId":"684b55eff20ab3001efa6071","selections":[],"createdAt":"2025-06-15T15:24:40.859Z","id":"684ee5b8e1c395000ef8ec08"}}, 565.2355 
 PlaceBet, Response Time: 0.1833496, Response: {"status":"error"}, 566.3522 
 PlaceBet Status Not OK, response: {"status":"error"}, 566.3522 
 PlaceBet, Response Time: 0.2832642, Response: {"status":"ok","data":{"freebet":false,"winnings":0,"potentialWinnings":0,"roundHasEnded":false,"payout":false,"cancelled":false,"stake":200,"gameType":"aviatax","cashierId":"671e9e60b1418c7fd2eeb8cf","ticketId":"3908746149","betType":"single","playerId":"4","roundId":"17500010502409324","deviceId":"684b55eff20ab3001efa6071","selections":[],"createdAt":"2025-06-15T15:24:42.127Z","id":"684ee5baa0c4ad000f0ba886"}}, 566.5021 
 Cashout, Response Time: 0.2166748, Response: {"status":"ok","data":{"wallet":7010.136878601021,"playLevel":200,"bonus":0,"freebet":false,"deviceId":"684b55eff20ab3001efa6071","cashierId":"671e9e60b1418c7fd2eeb8cf","playerId":2,"superAgentId":"6708d877f86545dd1d64ae0f","createdAt":"2025-06-12T22:36:11.709Z","id":"684b565bb84283001eb2f607"}}, 575.852 

 PlaceBet, Response Time: 0.2666626, Response: {"status":"ok","data":{"freebet":false,"winnings":0,"potentialWinnings":0,"roundHasEnded":false,"payout":false,"cancelled":false,"stake":200,"gameType":"aviatax","cashierId":"671e9e60b1418c7fd2eeb8cf","ticketId":"7202500401","betType":"single","playerId":"4","roundId":"17500010602765079","deviceId":"684b55eff20ab3001efa6071","selections":[],"createdAt":"2025-06-15T15:24:58.986Z","id":"684ee5cacc590f001b525f90"}}, 583.4186 
 PlaceBet, Response Time: 0.3999634, Response: {"status":"ok","data":{"freebet":false,"winnings":0,"potentialWinnings":0,"roundHasEnded":false,"payout":false,"cancelled":false,"stake":200,"gameType":"aviatax","cashierId":"671e9e60b1418c7fd2eeb8cf","ticketId":"4148989604","betType":"single","playerId":"2","roundId":"17500010602765079","deviceId":"684b55eff20ab3001efa6071","selections":[],"createdAt":"2025-06-15T15:24:59.233Z","id":"684ee5cb7e78fd00252044dc"}}, 583.6185 
 PlaceBet, Response Time: 0.1833496, Response: {"status":"error"}, 584.0352 
 PlaceBet Status Not OK, response: {"status":"error"}, 584.0352 

 PlaceBet, Response Time: 0.2000122, Response: {"status":"ok","data":{"freebet":false,"winnings":0,"potentialWinnings":0,"roundHasEnded":false,"payout":false,"cancelled":false,"stake":200,"gameType":"aviatax","cashierId":"671e9e60b1418c7fd2eeb8cf","ticketId":"1162676140","betType":"single","playerId":"4","roundId":"17500010781402913","deviceId":"684b55eff20ab3001efa6071","selections":[],"createdAt":"2025-06-15T15:25:13.191Z","id":"684ee5d9d354ca00209ed724"}}, 597.5684 
 PlaceBet, Response Time: 0.3000488, Response: {"status":"error"}, 597.6851 
 PlaceBet Status Not OK, response: {"status":"error"}, 597.6851 
 PlaceBet, Response Time: 0.2166748, Response: {"status":"ok","data":{"freebet":false,"winnings":0,"potentialWinnings":0,"roundHasEnded":false,"payout":false,"cancelled":false,"stake":200,"gameType":"aviatax","cashierId":"671e9e60b1418c7fd2eeb8cf","ticketId":"5555618872","betType":"single","playerId":"2","roundId":"17500010781402913","deviceId":"684b55eff20ab3001efa6071","selections":[],"createdAt":"2025-06-15T15:25:14.965Z","id":"684ee5da3467ed000f8423b9"}}, 599.3517 
 Cashout, Response Time: 0.2833252, Response: {"status":"ok","data":{"wallet":848.3458339729841,"playLevel":200,"bonus":0,"freebet":false,"deviceId":"684b55eff20ab3001efa6071","cashierId":"671e9e60b1418c7fd2eeb8cf","playerId":4,"superAgentId":"6708d877f86545dd1d64ae0f","createdAt":"2025-06-12T22:36:13.499Z","id":"684b565d95dd5c0010284e41"}}, 605.1182 
 Cashout, Response Time: 0.2166748, Response: {"status":"ok","data":{"wallet":6992.136878601021,"playLevel":200,"bonus":0,"freebet":false,"deviceId":"684b55eff20ab3001efa6071","cashierId":"671e9e60b1418c7fd2eeb8cf","playerId":2,"superAgentId":"6708d877f86545dd1d64ae0f","createdAt":"2025-06-12T22:36:11.709Z","id":"684b565bb84283001eb2f607"}}, 607.4349 

 PlaceBet, Response Time: 0.2333374, Response: {"status":"ok","data":{"freebet":false,"winnings":0,"potentialWinnings":0,"roundHasEnded":false,"payout":false,"cancelled":false,"stake":200,"gameType":"aviatax","cashierId":"671e9e60b1418c7fd2eeb8cf","ticketId":"8998404029","betType":"single","playerId":"2","roundId":"17500010960013315","deviceId":"684b55eff20ab3001efa6071","selections":[],"createdAt":"2025-06-15T15:25:28.746Z","id":"684ee5e87190cf001323a576"}}, 613.1348 
 PlaceBet, Response Time: 0.2166748, Response: {"status":"error"}, 614.8348 
 PlaceBet Status Not OK, response: {"status":"error"}, 614.8348 
 PlaceBet, Response Time: 0.2166748, Response: {"status":"ok","data":{"freebet":false,"winnings":0,"potentialWinnings":0,"roundHasEnded":false,"payout":false,"cancelled":false,"stake":200,"gameType":"aviatax","cashierId":"671e9e60b1418c7fd2eeb8cf","ticketId":"2872364242","betType":"single","playerId":"4","roundId":"17500010960013315","deviceId":"684b55eff20ab3001efa6071","selections":[],"createdAt":"2025-06-15T15:25:30.857Z","id":"684ee5ea63f2f6000fa9996c"}}, 615.2514 

 PlaceBet, Response Time: 0.2000122, Response: {"status":"ok","data":{"freebet":false,"winnings":0,"potentialWinnings":0,"roundHasEnded":false,"payout":false,"cancelled":false,"stake":200,"gameType":"aviatax","cashierId":"671e9e60b1418c7fd2eeb8cf","ticketId":"8260359269","betType":"single","playerId":"2","roundId":"17500011114613651","deviceId":"684b55eff20ab3001efa6071","selections":[],"createdAt":"2025-06-15T15:25:38.029Z","id":"684ee5f2f88c19000e0e4b8f"}}, 622.4014 
 PlaceBet, Response Time: 0.2000122, Response: {"status":"error"}, 624.4013 
 PlaceBet Status Not OK, response: {"status":"error"}, 624.4013 
 PlaceBet, Response Time: 0.2166138, Response: {"status":"ok","data":{"freebet":false,"winnings":0,"potentialWinnings":0,"roundHasEnded":false,"payout":false,"cancelled":false,"stake":200,"gameType":"aviatax","cashierId":"671e9e60b1418c7fd2eeb8cf","ticketId":"3100310693","betType":"single","playerId":"4","roundId":"17500011114613651","deviceId":"684b55eff20ab3001efa6071","selections":[],"createdAt":"2025-06-15T15:25:40.746Z","id":"684ee5f488a8b9001ecbc0d1"}}, 625.1346 

 PlaceBet, Response Time: 0.2166748, Response: {"status":"ok","data":{"freebet":false,"winnings":0,"potentialWinnings":0,"roundHasEnded":false,"payout":false,"cancelled":false,"stake":200,"gameType":"aviatax","cashierId":"671e9e60b1418c7fd2eeb8cf","ticketId":"9848562239","betType":"single","playerId":"2","roundId":"17500011269104129","deviceId":"684b55eff20ab3001efa6071","selections":[],"createdAt":"2025-06-15T15:25:53.377Z","id":"684ee601e9cc440010e369c1"}}, 637.7511 

 Start, 15/06/2025 15:27:39, 0.2366791 
 Auth, Sent: {"deviceId":"423eb08d12de8eebc3ccdfe0c50c3a84d4af7609"} -- Received: {"registered":true,"device":"423eb08d12de8eebc3ccdfe0c50c3a84d4af7609","token":951583,"name":"device1","agentId":"6708d877f86545dd1d64ae0f","cashierId":"671e9e60b1418c7fd2eeb8cf","currency":"₦","superAgentId":"6708d877f86545dd1d64ae0f","id":"684b55eff20ab3001efa6071","setBonus":5.5}, 0.7850696 
 Connected, Connected to socket, 2.935047 
 Join room, {"deviceId":"684b55eff20ab3001efa6071","agentId":"6708d877f86545dd1d64ae0f"}, 2.935047 

 PlaceBet, Response Time: 0.2166443, Response: {"status":"ok","data":{"freebet":false,"winnings":0,"potentialWinnings":0,"roundHasEnded":false,"payout":false,"cancelled":false,"stake":200,"gameType":"aviatax","cashierId":"671e9e60b1418c7fd2eeb8cf","ticketId":"8718167092","betType":"single","playerId":"2","roundId":"17500013007139031","deviceId":"684b55eff20ab3001efa6071","selections":[],"createdAt":"2025-06-15T15:28:52.171Z","id":"684ee6b416a9560010db7121"}}, 72.50066 
 PlaceBet, Response Time: 0.2333298, Response: {"status":"ok","data":{"freebet":false,"winnings":0,"potentialWinnings":0,"roundHasEnded":false,"payout":false,"cancelled":false,"stake":2000,"gameType":"aviatax","cashierId":"671e9e60b1418c7fd2eeb8cf","ticketId":"6255953794","betType":"single","playerId":"3","roundId":"17500013007139031","deviceId":"684b55eff20ab3001efa6071","selections":[],"createdAt":"2025-06-15T15:28:54.038Z","id":"684ee6b6d76f9100122cf0f5"}}, 74.36732 
 PlaceBet, Response Time: 0.1999969, Response: {"status":"ok","data":{"freebet":false,"winnings":0,"potentialWinnings":0,"roundHasEnded":false,"payout":false,"cancelled":false,"stake":100,"gameType":"aviatax","cashierId":"671e9e60b1418c7fd2eeb8cf","ticketId":"6322289166","betType":"single","playerId":"1","roundId":"17500013007139031","deviceId":"684b55eff20ab3001efa6071","selections":[],"createdAt":"2025-06-15T15:28:54.939Z","id":"684ee6b6fde0f20017845995"}}, 75.26731 
 Cashout, Response Time: 0.1999817, Response: {"status":"ok","data":{"wallet":6476.136878601021,"playLevel":200,"bonus":0,"freebet":false,"deviceId":"684b55eff20ab3001efa6071","cashierId":"671e9e60b1418c7fd2eeb8cf","playerId":2,"superAgentId":"6708d877f86545dd1d64ae0f","createdAt":"2025-06-12T22:36:11.709Z","id":"684b565bb84283001eb2f607"}}, 80.18389 

 PlaceBet, Response Time: 0.2333298, Response: {"status":"ok","data":{"freebet":false,"winnings":0,"potentialWinnings":0,"roundHasEnded":false,"payout":false,"cancelled":false,"stake":200,"gameType":"aviatax","cashierId":"671e9e60b1418c7fd2eeb8cf","ticketId":"2253329324","betType":"single","playerId":"5","roundId":"17500013157543909","deviceId":"684b55eff20ab3001efa6071","selections":[],"createdAt":"2025-06-15T15:29:12.202Z","id":"684ee6c828309b001a6cd7af"}}, 92.53372 
 PlaceBet, Response Time: 0.2333298, Response: {"status":"ok","data":{"freebet":true,"winnings":0,"potentialWinnings":0,"roundHasEnded":false,"payout":false,"cancelled":false,"stake":30.1,"gameType":"aviatax","cashierId":"671e9e60b1418c7fd2eeb8cf","ticketId":"9114797477","betType":"single","playerId":"3","roundId":"17500013157543909","deviceId":"684b55eff20ab3001efa6071","selections":[],"createdAt":"2025-06-15T15:29:12.331Z","id":"684ee6c8268dc7000e12c41e"}}, 92.66705 
 PlaceBet, Response Time: 0.1999969, Response: {"status":"ok","data":{"freebet":false,"winnings":0,"potentialWinnings":0,"roundHasEnded":false,"payout":false,"cancelled":false,"stake":200,"gameType":"aviatax","cashierId":"671e9e60b1418c7fd2eeb8cf","ticketId":"1331974358","betType":"single","playerId":"6","roundId":"17500013157543909","deviceId":"684b55eff20ab3001efa6071","selections":[],"createdAt":"2025-06-15T15:29:12.569Z","id":"684ee6c838910f00136b3d3e"}}, 92.90038 
 PlaceBet, Response Time: 0.2166824, Response: {"status":"ok","data":{"freebet":false,"winnings":0,"potentialWinnings":0,"roundHasEnded":false,"payout":false,"cancelled":false,"stake":200,"gameType":"aviatax","cashierId":"671e9e60b1418c7fd2eeb8cf","ticketId":"2957499346","betType":"single","playerId":"8","roundId":"17500013157543909","deviceId":"684b55eff20ab3001efa6071","selections":[],"createdAt":"2025-06-15T15:29:13.935Z","id":"684ee6c9af71fd001179470d"}}, 94.26704 
 PlaceBet, Response Time: 0.2166824, Response: {"status":"ok","data":{"freebet":false,"winnings":0,"potentialWinnings":0,"roundHasEnded":false,"payout":false,"cancelled":false,"stake":200,"gameType":"aviatax","cashierId":"671e9e60b1418c7fd2eeb8cf","ticketId":"4730030451","betType":"single","playerId":"2","roundId":"17500013157543909","deviceId":"684b55eff20ab3001efa6071","selections":[],"createdAt":"2025-06-15T15:29:14.166Z","id":"684ee6ca4c829a001ff295d0"}}, 94.50037 
 PlaceBet, Response Time: 0.1999969, Response: {"status":"ok","data":{"freebet":false,"winnings":0,"potentialWinnings":0,"roundHasEnded":false,"payout":false,"cancelled":false,"stake":200,"gameType":"aviatax","cashierId":"671e9e60b1418c7fd2eeb8cf","ticketId":"2971856289","betType":"single","playerId":"4","roundId":"17500013157543909","deviceId":"684b55eff20ab3001efa6071","selections":[],"createdAt":"2025-06-15T15:29:14.671Z","id":"684ee6ca100b70001101353f"}}, 95.00035 
 PlaceBet, Response Time: 0.3166733, Response: {"status":"ok","data":{"freebet":false,"winnings":0,"potentialWinnings":0,"roundHasEnded":false,"payout":false,"cancelled":false,"stake":100,"gameType":"aviatax","cashierId":"671e9e60b1418c7fd2eeb8cf","ticketId":"8617527701","betType":"single","playerId":"1","roundId":"17500013157543909","deviceId":"684b55eff20ab3001efa6071","selections":[],"createdAt":"2025-06-15T15:29:14.900Z","id":"684ee6ca19843f0013428d92"}}, 95.30035 
 PlaceBet, Response Time: 0.1999969, Response: {"status":"error"}, 96.08365 
 PlaceBet Status Not OK, response: {"status":"error"}, 96.08365 

 PlaceBet, Response Time: 0.2166672, Response: {"status":"error"}, 104.8502 
 PlaceBet Status Not OK, response: {"status":"error"}, 104.8502 
 PlaceBet, Response Time: 0.1999969, Response: {"status":"ok","data":{"freebet":false,"winnings":0,"potentialWinnings":0,"roundHasEnded":false,"payout":false,"cancelled":false,"stake":200,"gameType":"aviatax","cashierId":"671e9e60b1418c7fd2eeb8cf","ticketId":"5507475945","betType":"single","playerId":"8","roundId":"1750001330787426","deviceId":"684b55eff20ab3001efa6071","selections":[],"createdAt":"2025-06-15T15:29:24.744Z","id":"684ee6d4a0c4ad000f0ba8a1"}}, 105.0668 
 PlaceBet, Response Time: 0.1999969, Response: {"status":"ok","data":{"freebet":false,"winnings":0,"potentialWinnings":0,"roundHasEnded":false,"payout":false,"cancelled":false,"stake":200,"gameType":"aviatax","cashierId":"671e9e60b1418c7fd2eeb8cf","ticketId":"4210850963","betType":"single","playerId":"2","roundId":"1750001330787426","deviceId":"684b55eff20ab3001efa6071","selections":[],"createdAt":"2025-06-15T15:29:24.993Z","id":"684ee6d47c5f130011ffce67"}}, 105.3169 
 PlaceBet, Response Time: 0.1999969, Response: {"status":"ok","data":{"freebet":false,"winnings":0,"potentialWinnings":0,"roundHasEnded":false,"payout":false,"cancelled":false,"stake":2000,"gameType":"aviatax","cashierId":"671e9e60b1418c7fd2eeb8cf","ticketId":"2998924609","betType":"single","playerId":"3","roundId":"1750001330787426","deviceId":"684b55eff20ab3001efa6071","selections":[],"createdAt":"2025-06-15T15:29:25.582Z","id":"684ee6d5f88c19000e0e4baa"}}, 105.9002 
 PlaceBet, Response Time: 0.1999969, Response: {"status":"ok","data":{"freebet":false,"winnings":0,"potentialWinnings":0,"roundHasEnded":false,"payout":false,"cancelled":false,"stake":200,"gameType":"aviatax","cashierId":"671e9e60b1418c7fd2eeb8cf","ticketId":"7847540849","betType":"single","playerId":"6","roundId":"1750001330787426","deviceId":"684b55eff20ab3001efa6071","selections":[],"createdAt":"2025-06-15T15:29:26.004Z","id":"684ee6d618b5c0001584659b"}}, 106.3335 
 PlaceBet, Response Time: 0.2166519, Response: {"status":"ok","data":{"freebet":false,"winnings":0,"potentialWinnings":0,"roundHasEnded":false,"payout":false,"cancelled":false,"stake":200,"gameType":"aviatax","cashierId":"671e9e60b1418c7fd2eeb8cf","ticketId":"9840497026","betType":"single","playerId":"4","roundId":"1750001330787426","deviceId":"684b55eff20ab3001efa6071","selections":[],"createdAt":"2025-06-15T15:29:26.299Z","id":"684ee6d665328c00105ed9cd"}}, 106.6335 
 PlaceBet, Response Time: 0.233345, Response: {"status":"ok","data":{"freebet":false,"winnings":0,"potentialWinnings":0,"roundHasEnded":false,"payout":false,"cancelled":false,"stake":100,"gameType":"aviatax","cashierId":"671e9e60b1418c7fd2eeb8cf","ticketId":"4397008347","betType":"single","playerId":"1","roundId":"1750001330787426","deviceId":"684b55eff20ab3001efa6071","selections":[],"createdAt":"2025-06-15T15:29:26.443Z","id":"684ee6d666a47400136afa64"}}, 106.7668 
 PlaceBet, Response Time: 0.2000046, Response: {"status":"ok","data":{"freebet":false,"winnings":0,"potentialWinnings":0,"roundHasEnded":false,"payout":false,"cancelled":false,"stake":200,"gameType":"aviatax","cashierId":"671e9e60b1418c7fd2eeb8cf","ticketId":"5113119697","betType":"single","playerId":"5","roundId":"1750001330787426","deviceId":"684b55eff20ab3001efa6071","selections":[],"createdAt":"2025-06-15T15:29:27.320Z","id":"684ee6d7adbafe000e0e98ac"}}, 107.6502 
 Cashout, Response Time: 0.2000046, Response: {"status":"ok","data":{"wallet":91745.00308431621,"playLevel":2000,"bonus":4950,"freebet":false,"deviceId":"684b55eff20ab3001efa6071","cashierId":"671e9e60b1418c7fd2eeb8cf","playerId":3,"superAgentId":"6708d877f86545dd1d64ae0f","createdAt":"2025-06-12T22:36:12.323Z","id":"684b565c7295ed0011e61527"}}, 115.5667 
 Cashout, Response Time: 0.1999969, Response: {"status":"ok","data":{"wallet":6604.136878601021,"playLevel":200,"bonus":0,"freebet":true,"deviceId":"684b55eff20ab3001efa6071","cashierId":"671e9e60b1418c7fd2eeb8cf","playerId":2,"superAgentId":"6708d877f86545dd1d64ae0f","createdAt":"2025-06-12T22:36:11.709Z","id":"684b565bb84283001eb2f607"}}, 117.4667 
 Cashout, Response Time: 0.2166748, Response: {"status":"ok","data":{"wallet":8386,"playLevel":200,"bonus":385,"freebet":false,"deviceId":"684b55eff20ab3001efa6071","cashierId":"671e9e60b1418c7fd2eeb8cf","playerId":8,"superAgentId":"6708d877f86545dd1d64ae0f","createdAt":"2025-06-14T18:59:47.269Z","id":"684dc6a3d4760e0022946e80"}}, 127.2666 
 Cashout, Response Time: 0.2499847, Response: {"status":"ok","data":{"wallet":5594.781004123691,"playLevel":200,"bonus":220,"freebet":false,"deviceId":"684b55eff20ab3001efa6071","cashierId":"671e9e60b1418c7fd2eeb8cf","playerId":6,"superAgentId":"6708d877f86545dd1d64ae0f","createdAt":"2025-06-12T23:30:27.989Z","id":"684b631395d4370025954bb2"}}, 127.7999 
 Cashout, Response Time: 0.2000122, Response: {"status":"ok","data":{"wallet":11447,"playLevel":100,"bonus":550,"freebet":false,"deviceId":"684b55eff20ab3001efa6071","cashierId":"671e9e60b1418c7fd2eeb8cf","playerId":1,"superAgentId":"6708d877f86545dd1d64ae0f","createdAt":"2025-06-12T22:36:11.225Z","id":"684b565bb84283001eb2f601"}}, 132.6998 
 Cashout, Response Time: 0.2166748, Response: {"status":"ok","data":{"wallet":15312.345833972984,"playLevel":200,"bonus":550,"freebet":false,"deviceId":"684b55eff20ab3001efa6071","cashierId":"671e9e60b1418c7fd2eeb8cf","playerId":4,"superAgentId":"6708d877f86545dd1d64ae0f","createdAt":"2025-06-12T22:36:13.499Z","id":"684b565d95dd5c0010284e41"}}, 134.3331 

 Cashout, Response Time: 0.2166901, Response: {"status":"ok","data":{"wallet":14244,"playLevel":200,"bonus":550,"freebet":false,"deviceId":"684b55eff20ab3001efa6071","cashierId":"671e9e60b1418c7fd2eeb8cf","playerId":5,"superAgentId":"6708d877f86545dd1d64ae0f","createdAt":"2025-06-12T22:44:57.115Z","id":"684b58692b2345000ebc9e62"}}, 134.9331 
 PlaceBet, Response Time: 0.2166595, Response: {"status":"ok","data":{"freebet":false,"winnings":0,"potentialWinnings":0,"roundHasEnded":false,"payout":false,"cancelled":false,"stake":2000,"gameType":"aviatax","cashierId":"671e9e60b1418c7fd2eeb8cf","ticketId":"2252426632","betType":"single","playerId":"3","roundId":"17500013510309431","deviceId":"684b55eff20ab3001efa6071","selections":[],"createdAt":"2025-06-15T15:29:59.190Z","id":"684ee6f7e1c395000ef8ec23"}}, 139.5163 
 PlaceBet, Response Time: 0.3166656, Response: {"status":"ok","data":{"freebet":false,"winnings":0,"potentialWinnings":0,"roundHasEnded":false,"payout":false,"cancelled":false,"stake":200,"gameType":"aviatax","cashierId":"671e9e60b1418c7fd2eeb8cf","ticketId":"7020188446","betType":"single","playerId":"6","roundId":"17500013510309431","deviceId":"684b55eff20ab3001efa6071","selections":[],"createdAt":"2025-06-15T15:29:59.312Z","id":"684ee6f7cce107001341dfb9"}}, 139.633 
 PlaceBet, Response Time: 0.1833191, Response: {"status":"error"}, 139.683 
 PlaceBet Status Not OK, response: {"status":"error"}, 139.683 
 PlaceBet, Response Time: 0.1999817, Response: {"status":"ok","data":{"freebet":false,"winnings":0,"potentialWinnings":0,"roundHasEnded":false,"payout":false,"cancelled":false,"stake":100,"gameType":"aviatax","cashierId":"671e9e60b1418c7fd2eeb8cf","ticketId":"5768829465","betType":"single","playerId":"1","roundId":"17500013510309431","deviceId":"684b55eff20ab3001efa6071","selections":[],"createdAt":"2025-06-15T15:30:01.221Z","id":"684ee6f9c58c2600233f8569"}}, 141.5497 
 PlaceBet, Response Time: 0.2666779, Response: {"status":"ok","data":{"freebet":false,"winnings":0,"potentialWinnings":0,"roundHasEnded":false,"payout":false,"cancelled":false,"stake":200,"gameType":"aviatax","cashierId":"671e9e60b1418c7fd2eeb8cf","ticketId":"5754360677","betType":"single","playerId":"8","roundId":"17500013510309431","deviceId":"684b55eff20ab3001efa6071","selections":[],"createdAt":"2025-06-15T15:30:01.421Z","id":"684ee6f9651ff100116f0b54"}}, 141.7497 
 PlaceBet, Response Time: 0.2833405, Response: {"status":"ok","data":{"freebet":true,"winnings":0,"potentialWinnings":0,"roundHasEnded":false,"payout":false,"cancelled":false,"stake":30.1,"gameType":"aviatax","cashierId":"671e9e60b1418c7fd2eeb8cf","ticketId":"1790939858","betType":"single","playerId":"2","roundId":"17500013510309431","deviceId":"684b55eff20ab3001efa6071","selections":[],"createdAt":"2025-06-15T15:30:01.529Z","id":"684ee6f9e2aef600153cde7d"}}, 141.8497 
 PlaceBet, Response Time: 0.2666626, Response: {"status":"ok","data":{"freebet":false,"winnings":0,"potentialWinnings":0,"roundHasEnded":false,"payout":false,"cancelled":false,"stake":200,"gameType":"aviatax","cashierId":"671e9e60b1418c7fd2eeb8cf","ticketId":"7197921679","betType":"single","playerId":"4","roundId":"17500013510309431","deviceId":"684b55eff20ab3001efa6071","selections":[],"createdAt":"2025-06-15T15:30:01.621Z","id":"684ee6f943845d001da68168"}}, 141.9496 
 PlaceBet, Response Time: 0.1999817, Response: {"status":"ok","data":{"freebet":false,"winnings":0,"potentialWinnings":0,"roundHasEnded":false,"payout":false,"cancelled":false,"stake":200,"gameType":"aviatax","cashierId":"671e9e60b1418c7fd2eeb8cf","ticketId":"1730535378","betType":"single","playerId":"5","roundId":"17500013510309431","deviceId":"684b55eff20ab3001efa6071","selections":[],"createdAt":"2025-06-15T15:30:02.261Z","id":"684ee6fa6a710f00120cbcca"}}, 142.583 
 Cashout, Response Time: 0.1999969, Response: {"status":"ok","data":{"wallet":15418.345833972984,"playLevel":200,"bonus":550,"freebet":false,"deviceId":"684b55eff20ab3001efa6071","cashierId":"671e9e60b1418c7fd2eeb8cf","playerId":4,"superAgentId":"6708d877f86545dd1d64ae0f","createdAt":"2025-06-12T22:36:13.499Z","id":"684b565d95dd5c0010284e41"}}, 147.7662 

 drop-jackpot, {"playerId":5,"jackpotAmount":1000,"jackpotType":"Gold"}, 152.7328 
 DropJackpot Successfull, Jackpot sent to Player: 5, 152.7328 
 PlaceBet, Response Time: 0.1999969, Response: {"status":"ok","data":{"freebet":false,"winnings":0,"potentialWinnings":0,"roundHasEnded":false,"payout":false,"cancelled":false,"stake":2000,"gameType":"aviatax","cashierId":"671e9e60b1418c7fd2eeb8cf","ticketId":"9256597073","betType":"single","playerId":"3","roundId":"175000136305542","deviceId":"684b55eff20ab3001efa6071","selections":[],"createdAt":"2025-06-15T15:30:17.444Z","id":"684ee7097f2cc7000fc19a0f"}}, 157.7661 
 PlaceBet, Response Time: 0.2166443, Response: {"status":"ok","data":{"freebet":false,"winnings":0,"potentialWinnings":0,"roundHasEnded":false,"payout":false,"cancelled":false,"stake":200,"gameType":"aviatax","cashierId":"671e9e60b1418c7fd2eeb8cf","ticketId":"5532005104","betType":"single","playerId":"6","roundId":"175000136305542","deviceId":"684b55eff20ab3001efa6071","selections":[],"createdAt":"2025-06-15T15:30:18.025Z","id":"684ee70a63f2f6000fa99987"}}, 158.3494 
 PlaceBet, Response Time: 0.1999969, Response: {"status":"error"}, 158.6327 
 PlaceBet Status Not OK, response: {"status":"error"}, 158.6327 
 PlaceBet, Response Time: 0.2333374, Response: {"status":"ok","data":{"freebet":false,"winnings":0,"potentialWinnings":0,"roundHasEnded":false,"payout":false,"cancelled":false,"stake":200,"gameType":"aviatax","cashierId":"671e9e60b1418c7fd2eeb8cf","ticketId":"6002506086","betType":"single","playerId":"5","roundId":"175000136305542","deviceId":"684b55eff20ab3001efa6071","selections":[],"createdAt":"2025-06-15T15:30:18.367Z","id":"684ee70a99ab71001427983f"}}, 158.6827 
 PlaceBet, Response Time: 0.2333374, Response: {"status":"ok","data":{"freebet":false,"winnings":0,"potentialWinnings":0,"roundHasEnded":false,"payout":false,"cancelled":false,"stake":200,"gameType":"aviatax","cashierId":"671e9e60b1418c7fd2eeb8cf","ticketId":"3972877674","betType":"single","playerId":"2","roundId":"175000136305542","deviceId":"684b55eff20ab3001efa6071","selections":[],"createdAt":"2025-06-15T15:30:18.360Z","id":"684ee70aa445b30010711ff8"}}, 158.6827 
 PlaceBet, Response Time: 0.6166534, Response: {"status":"ok","data":{"freebet":false,"winnings":0,"potentialWinnings":0,"roundHasEnded":false,"payout":false,"cancelled":false,"stake":100,"gameType":"aviatax","cashierId":"671e9e60b1418c7fd2eeb8cf","ticketId":"3434650329","betType":"single","playerId":"1","roundId":"175000136305542","deviceId":"684b55eff20ab3001efa6071","selections":[],"createdAt":"2025-06-15T15:30:18.539Z","id":"684ee70aa445b30010712010"}}, 159.1494 
 PlaceBet, Response Time: 0.1999969, Response: {"status":"ok","data":{"freebet":false,"winnings":0,"potentialWinnings":0,"roundHasEnded":false,"payout":false,"cancelled":false,"stake":200,"gameType":"aviatax","cashierId":"671e9e60b1418c7fd2eeb8cf","ticketId":"8287570140","betType":"single","playerId":"4","roundId":"175000136305542","deviceId":"684b55eff20ab3001efa6071","selections":[],"createdAt":"2025-06-15T15:30:19.058Z","id":"684ee70bcbd1e400107d0049"}}, 159.3827 
 Cashout, Response Time: 0.2166901, Response: {"status":"ok","data":{"wallet":5506.781004123691,"playLevel":200,"bonus":220,"freebet":false,"deviceId":"684b55eff20ab3001efa6071","cashierId":"671e9e60b1418c7fd2eeb8cf","playerId":6,"superAgentId":"6708d877f86545dd1d64ae0f","createdAt":"2025-06-12T23:30:27.989Z","id":"684b631395d4370025954bb2"}}, 165.1326 

 PlaceBet, Response Time: 0.2666473, Response: {"status":"ok","data":{"freebet":false,"winnings":0,"potentialWinnings":0,"roundHasEnded":false,"payout":false,"cancelled":false,"stake":200,"gameType":"aviatax","cashierId":"671e9e60b1418c7fd2eeb8cf","ticketId":"3686641937","betType":"single","playerId":"4","roundId":"17500013977369757","deviceId":"684b55eff20ab3001efa6071","selections":[],"createdAt":"2025-06-15T15:30:29.540Z","id":"684ee7153095f500148080be"}}, 169.8826 
 PlaceBet, Response Time: 0.2166748, Response: {"status":"ok","data":{"freebet":false,"winnings":0,"potentialWinnings":0,"roundHasEnded":false,"payout":false,"cancelled":false,"stake":200,"gameType":"aviatax","cashierId":"671e9e60b1418c7fd2eeb8cf","ticketId":"5601477773","betType":"single","playerId":"6","roundId":"17500013977369757","deviceId":"684b55eff20ab3001efa6071","selections":[],"createdAt":"2025-06-15T15:30:29.843Z","id":"684ee7157e78fd00252044f8"}}, 170.1659 
 PlaceBet, Response Time: 0.2333221, Response: {"status":"ok","data":{"freebet":true,"winnings":0,"potentialWinnings":0,"roundHasEnded":false,"payout":false,"cancelled":false,"stake":30.1,"gameType":"aviatax","cashierId":"671e9e60b1418c7fd2eeb8cf","ticketId":"2613554929","betType":"single","playerId":"8","roundId":"17500013977369757","deviceId":"684b55eff20ab3001efa6071","selections":[],"createdAt":"2025-06-15T15:30:30.003Z","id":"684ee716094703001100e9c7"}}, 170.3326 
 PlaceBet, Response Time: 0.1999969, Response: {"status":"ok","data":{"freebet":false,"winnings":0,"potentialWinnings":0,"roundHasEnded":false,"payout":false,"cancelled":false,"stake":200,"gameType":"aviatax","cashierId":"671e9e60b1418c7fd2eeb8cf","ticketId":"9560008205","betType":"single","playerId":"5","roundId":"17500013977369757","deviceId":"684b55eff20ab3001efa6071","selections":[],"createdAt":"2025-06-15T15:30:30.341Z","id":"684ee7164e0b8a0028340114"}}, 170.6659 
 PlaceBet, Response Time: 0.1999969, Response: {"status":"error"}, 172.4992 
 PlaceBet Status Not OK, response: {"status":"error"}, 172.4992 
 PlaceBet, Response Time: 0.5166321, Response: {"status":"ok","data":{"freebet":true,"winnings":0,"potentialWinnings":0,"roundHasEnded":false,"payout":false,"cancelled":false,"stake":30.1,"gameType":"aviatax","cashierId":"671e9e60b1418c7fd2eeb8cf","ticketId":"3263488156","betType":"single","playerId":"2","roundId":"17500013977369757","deviceId":"684b55eff20ab3001efa6071","selections":[],"createdAt":"2025-06-15T15:30:32.422Z","id":"684ee7189fd0ea0010c55ac5"}}, 173.0492 
 PlaceBet, Response Time: 0.4499664, Response: {"status":"ok","data":{"freebet":false,"winnings":0,"potentialWinnings":0,"roundHasEnded":false,"payout":false,"cancelled":false,"stake":100,"gameType":"aviatax","cashierId":"671e9e60b1418c7fd2eeb8cf","ticketId":"5515536346","betType":"single","playerId":"1","roundId":"17500013977369757","deviceId":"684b55eff20ab3001efa6071","selections":[],"createdAt":"2025-06-15T15:30:32.598Z","id":"684ee7182610d8001c248177"}}, 173.0492 
 PlaceBet, Response Time: 0.2833099, Response: {"status":"ok","data":{"freebet":false,"winnings":0,"potentialWinnings":0,"roundHasEnded":false,"payout":false,"cancelled":false,"stake":2000,"gameType":"aviatax","cashierId":"671e9e60b1418c7fd2eeb8cf","ticketId":"3972236033","betType":"single","playerId":"3","roundId":"17500013977369757","deviceId":"684b55eff20ab3001efa6071","selections":[],"createdAt":"2025-06-15T15:30:32.758Z","id":"684ee7188623d70014707a0f"}}, 173.0825 
 Cashout, Response Time: 0.2166595, Response: {"status":"ok","data":{"wallet":15288.345833972984,"playLevel":200,"bonus":550,"freebet":false,"deviceId":"684b55eff20ab3001efa6071","cashierId":"671e9e60b1418c7fd2eeb8cf","playerId":4,"superAgentId":"6708d877f86545dd1d64ae0f","createdAt":"2025-06-12T22:36:13.499Z","id":"684b565d95dd5c0010284e41"}}, 177.4658 

 drop-jackpot, {"playerId":5,"jackpotAmount":1000,"jackpotType":"Silver"}, 180.3657 
 DropJackpot Successfull, Jackpot sent to Player: 5, 180.3657 
 drop-jackpot, {"playerId":2,"jackpotAmount":1000,"jackpotType":"Bronze"}, 180.8324 
 DropJackpot Successfull, Jackpot sent to Player: 2, 180.8324 
 PlaceBet, Response Time: 0.2333374, Response: {"status":"ok","data":{"freebet":false,"winnings":0,"potentialWinnings":0,"roundHasEnded":false,"payout":false,"cancelled":false,"stake":200,"gameType":"aviatax","cashierId":"671e9e60b1418c7fd2eeb8cf","ticketId":"1431899100","betType":"single","playerId":"2","roundId":"17500014149546860","deviceId":"684b55eff20ab3001efa6071","selections":[],"createdAt":"2025-06-15T15:30:44.321Z","id":"684ee72481f70f001590ae3d"}}, 184.6657 
 PlaceBet, Response Time: 0.1999969, Response: {"status":"ok","data":{"freebet":false,"winnings":0,"potentialWinnings":0,"roundHasEnded":false,"payout":false,"cancelled":false,"stake":200,"gameType":"aviatax","cashierId":"671e9e60b1418c7fd2eeb8cf","ticketId":"6502503615","betType":"single","playerId":"4","roundId":"17500014149546860","deviceId":"684b55eff20ab3001efa6071","selections":[],"createdAt":"2025-06-15T15:30:45.139Z","id":"684ee72554d4fc0012c67e4a"}}, 185.4657 
 PlaceBet, Response Time: 0.2166595, Response: {"status":"ok","data":{"freebet":false,"winnings":0,"potentialWinnings":0,"roundHasEnded":false,"payout":false,"cancelled":false,"stake":2000,"gameType":"aviatax","cashierId":"671e9e60b1418c7fd2eeb8cf","ticketId":"3237073310","betType":"single","playerId":"3","roundId":"17500014149546860","deviceId":"684b55eff20ab3001efa6071","selections":[],"createdAt":"2025-06-15T15:30:45.822Z","id":"684ee725d48fd8000f263e16"}}, 186.149 
 PlaceBet, Response Time: 0.3666534, Response: {"status":"ok","data":{"freebet":false,"winnings":0,"potentialWinnings":0,"roundHasEnded":false,"payout":false,"cancelled":false,"stake":200,"gameType":"aviatax","cashierId":"671e9e60b1418c7fd2eeb8cf","ticketId":"4825041960","betType":"single","playerId":"8","roundId":"17500014149546860","deviceId":"684b55eff20ab3001efa6071","selections":[],"createdAt":"2025-06-15T15:30:46.004Z","id":"684ee7264d956100101b67fd"}}, 186.3323 
 PlaceBet, Response Time: 0.2333374, Response: {"status":"ok","data":{"freebet":false,"winnings":0,"potentialWinnings":0,"roundHasEnded":false,"payout":false,"cancelled":false,"stake":200,"gameType":"aviatax","cashierId":"671e9e60b1418c7fd2eeb8cf","ticketId":"8637230650","betType":"single","playerId":"5","roundId":"17500014149546860","deviceId":"684b55eff20ab3001efa6071","selections":[],"createdAt":"2025-06-15T15:30:46.556Z","id":"684ee7262610d8001c248192"}}, 186.9156 
 PlaceBet, Response Time: 0.2000122, Response: {"status":"ok","data":{"freebet":false,"winnings":0,"potentialWinnings":0,"roundHasEnded":false,"payout":false,"cancelled":false,"stake":100,"gameType":"aviatax","cashierId":"671e9e60b1418c7fd2eeb8cf","ticketId":"5270129885","betType":"single","playerId":"1","roundId":"17500014149546860","deviceId":"684b55eff20ab3001efa6071","selections":[],"createdAt":"2025-06-15T15:30:47.009Z","id":"684ee727e1c395000ef8ec3f"}}, 187.3323 
 PlaceBet, Response Time: 0.1833344, Response: {"status":"error"}, 187.599 
 PlaceBet Status Not OK, response: {"status":"error"}, 187.599 

 PlaceBet, Response Time: 0.1999969, Response: {"status":"ok","data":{"freebet":false,"winnings":0,"potentialWinnings":0,"roundHasEnded":false,"payout":false,"cancelled":false,"stake":200,"gameType":"aviatax","cashierId":"671e9e60b1418c7fd2eeb8cf","ticketId":"4495633764","betType":"single","playerId":"5","roundId":"17500014283777807","deviceId":"684b55eff20ab3001efa6071","selections":[],"createdAt":"2025-06-15T15:30:53.022Z","id":"684ee72df18a9f000e38324b"}}, 193.3489 
 PlaceBet, Response Time: 0.2166443, Response: {"status":"ok","data":{"freebet":true,"winnings":0,"potentialWinnings":0,"roundHasEnded":false,"payout":false,"cancelled":false,"stake":30.1,"gameType":"aviatax","cashierId":"671e9e60b1418c7fd2eeb8cf","ticketId":"2568400470","betType":"single","playerId":"6","roundId":"17500014283777807","deviceId":"684b55eff20ab3001efa6071","selections":[],"createdAt":"2025-06-15T15:30:53.989Z","id":"684ee72d0cf8930011a58072"}}, 194.3155 
 PlaceBet, Response Time: 0.2333374, Response: {"status":"ok","data":{"freebet":false,"winnings":0,"potentialWinnings":0,"roundHasEnded":false,"payout":false,"cancelled":false,"stake":2000,"gameType":"aviatax","cashierId":"671e9e60b1418c7fd2eeb8cf","ticketId":"1692621103","betType":"single","playerId":"3","roundId":"17500014283777807","deviceId":"684b55eff20ab3001efa6071","selections":[],"createdAt":"2025-06-15T15:30:54.006Z","id":"684ee72ee06cea00132f4cd4"}}, 194.3322 
 PlaceBet, Response Time: 0.3500061, Response: {"status":"ok","data":{"freebet":false,"winnings":0,"potentialWinnings":0,"roundHasEnded":false,"payout":false,"cancelled":false,"stake":200,"gameType":"aviatax","cashierId":"671e9e60b1418c7fd2eeb8cf","ticketId":"8714803473","betType":"single","playerId":"2","roundId":"17500014283777807","deviceId":"684b55eff20ab3001efa6071","selections":[],"createdAt":"2025-06-15T15:30:54.168Z","id":"684ee72e73d61f0012836ed9"}}, 194.4989 
 PlaceBet, Response Time: 0.2000122, Response: {"status":"ok","data":{"freebet":false,"winnings":0,"potentialWinnings":0,"roundHasEnded":false,"payout":false,"cancelled":false,"stake":200,"gameType":"aviatax","cashierId":"671e9e60b1418c7fd2eeb8cf","ticketId":"2522978238","betType":"single","playerId":"4","roundId":"17500014283777807","deviceId":"684b55eff20ab3001efa6071","selections":[],"createdAt":"2025-06-15T15:30:55.020Z","id":"684ee72ff97b90000ef73b14"}}, 195.3489 
 PlaceBet, Response Time: 0.2166443, Response: {"status":"ok","data":{"freebet":false,"winnings":0,"potentialWinnings":0,"roundHasEnded":false,"payout":false,"cancelled":false,"stake":100,"gameType":"aviatax","cashierId":"671e9e60b1418c7fd2eeb8cf","ticketId":"5542844522","betType":"single","playerId":"1","roundId":"17500014283777807","deviceId":"684b55eff20ab3001efa6071","selections":[],"createdAt":"2025-06-15T15:30:55.338Z","id":"684ee72fb48c53000f65837a"}}, 195.6655 
 PlaceBet, Response Time: 0.2333374, Response: {"status":"error"}, 195.8488 
 PlaceBet Status Not OK, response: {"status":"error"}, 195.8488 
 PlaceBet, Response Time: 0.2333374, Response: {"status":"ok","data":{"freebet":false,"winnings":0,"potentialWinnings":0,"roundHasEnded":false,"payout":false,"cancelled":false,"stake":200,"gameType":"aviatax","cashierId":"671e9e60b1418c7fd2eeb8cf","ticketId":"7061139498","betType":"single","playerId":"8","roundId":"17500014283777807","deviceId":"684b55eff20ab3001efa6071","selections":[],"createdAt":"2025-06-15T15:30:55.617Z","id":"684ee72f43845d001da68199"}}, 195.9489 

 PlaceBet, Response Time: 0.2166595, Response: {"status":"ok","data":{"freebet":false,"winnings":0,"potentialWinnings":0,"roundHasEnded":false,"payout":false,"cancelled":false,"stake":100,"gameType":"aviatax","cashierId":"671e9e60b1418c7fd2eeb8cf","ticketId":"3858299815","betType":"single","playerId":"1","roundId":"17500014426917758","deviceId":"684b55eff20ab3001efa6071","selections":[],"createdAt":"2025-06-15T15:31:02.621Z","id":"684ee736a7e16c00266e1ad6"}}, 202.9487 
 PlaceBet, Response Time: 0.2166443, Response: {"status":"ok","data":{"freebet":false,"winnings":0,"potentialWinnings":0,"roundHasEnded":false,"payout":false,"cancelled":false,"stake":2000,"gameType":"aviatax","cashierId":"671e9e60b1418c7fd2eeb8cf","ticketId":"1887147434","betType":"single","playerId":"3","roundId":"17500014426917758","deviceId":"684b55eff20ab3001efa6071","selections":[],"createdAt":"2025-06-15T15:31:03.425Z","id":"684ee737c8b47e0013945f1a"}}, 203.7487 
 PlaceBet, Response Time: 0.2666473, Response: {"status":"ok","data":{"freebet":false,"winnings":0,"potentialWinnings":0,"roundHasEnded":false,"payout":false,"cancelled":false,"stake":200,"gameType":"aviatax","cashierId":"671e9e60b1418c7fd2eeb8cf","ticketId":"1014521270","betType":"single","playerId":"2","roundId":"17500014426917758","deviceId":"684b55eff20ab3001efa6071","selections":[],"createdAt":"2025-06-15T15:31:03.579Z","id":"684ee7379b9f2e001077a46b"}}, 203.8987 
 PlaceBet, Response Time: 0.2166748, Response: {"status":"ok","data":{"freebet":true,"winnings":0,"potentialWinnings":0,"roundHasEnded":false,"payout":false,"cancelled":false,"stake":30.1,"gameType":"aviatax","cashierId":"671e9e60b1418c7fd2eeb8cf","ticketId":"3179550479","betType":"single","playerId":"5","roundId":"17500014426917758","deviceId":"684b55eff20ab3001efa6071","selections":[],"createdAt":"2025-06-15T15:31:04.486Z","id":"684ee73843845d001da681b6"}}, 204.8154 
 PlaceBet, Response Time: 0.2833405, Response: {"status":"ok","data":{"freebet":false,"winnings":0,"potentialWinnings":0,"roundHasEnded":false,"payout":false,"cancelled":false,"stake":200,"gameType":"aviatax","cashierId":"671e9e60b1418c7fd2eeb8cf","ticketId":"1377580182","betType":"single","playerId":"6","roundId":"17500014426917758","deviceId":"684b55eff20ab3001efa6071","selections":[],"createdAt":"2025-06-15T15:31:04.654Z","id":"684ee7389a25680011fdcac5"}}, 204.982 
 PlaceBet, Response Time: 0.2000122, Response: {"status":"error"}, 205.2154 
 PlaceBet Status Not OK, response: {"status":"error"}, 205.2154 
 PlaceBet, Response Time: 0.2166748, Response: {"status":"ok","data":{"freebet":false,"winnings":0,"potentialWinnings":0,"roundHasEnded":false,"payout":false,"cancelled":false,"stake":200,"gameType":"aviatax","cashierId":"671e9e60b1418c7fd2eeb8cf","ticketId":"4523067280","betType":"single","playerId":"4","roundId":"17500014426917758","deviceId":"684b55eff20ab3001efa6071","selections":[],"createdAt":"2025-06-15T15:31:05.044Z","id":"684ee73954d4fc0012c67e65"}}, 205.3654 
 Cashout, Response Time: 0.2166748, Response: {"status":"ok","data":{"wallet":17568.391,"playLevel":200,"bonus":550,"freebet":false,"deviceId":"684b55eff20ab3001efa6071","cashierId":"671e9e60b1418c7fd2eeb8cf","playerId":5,"superAgentId":"6708d877f86545dd1d64ae0f","createdAt":"2025-06-12T22:44:57.115Z","id":"684b58692b2345000ebc9e62"}}, 213.2653 
 Cashout, Response Time: 0.1999969, Response: {"status":"ok","data":{"wallet":7318.136878601021,"playLevel":200,"bonus":0,"freebet":false,"deviceId":"684b55eff20ab3001efa6071","cashierId":"671e9e60b1418c7fd2eeb8cf","playerId":2,"superAgentId":"6708d877f86545dd1d64ae0f","createdAt":"2025-06-12T22:36:11.709Z","id":"684b565bb84283001eb2f607"}}, 215.7985 

 PlaceBet, Response Time: 0.2166443, Response: {"status":"ok","data":{"freebet":false,"winnings":0,"potentialWinnings":0,"roundHasEnded":false,"payout":false,"cancelled":false,"stake":200,"gameType":"aviatax","cashierId":"671e9e60b1418c7fd2eeb8cf","ticketId":"1128009397","betType":"single","playerId":"4","roundId":"17500014520248525","deviceId":"684b55eff20ab3001efa6071","selections":[],"createdAt":"2025-06-15T15:31:27.305Z","id":"684ee74fa0c4ad000f0ba8bc"}}, 227.6317 
 PlaceBet, Response Time: 0.2166443, Response: {"status":"ok","data":{"freebet":false,"winnings":0,"potentialWinnings":0,"roundHasEnded":false,"payout":false,"cancelled":false,"stake":200,"gameType":"aviatax","cashierId":"671e9e60b1418c7fd2eeb8cf","ticketId":"1447544318","betType":"single","playerId":"6","roundId":"17500014520248525","deviceId":"684b55eff20ab3001efa6071","selections":[],"createdAt":"2025-06-15T15:31:27.599Z","id":"684ee74fbbd64500148632b6"}}, 227.9317 
 PlaceBet, Response Time: 0.1999817, Response: {"status":"ok","data":{"freebet":true,"winnings":0,"potentialWinnings":0,"roundHasEnded":false,"payout":false,"cancelled":false,"stake":30.1,"gameType":"aviatax","cashierId":"671e9e60b1418c7fd2eeb8cf","ticketId":"4512839032","betType":"single","playerId":"3","roundId":"17500014520248525","deviceId":"684b55eff20ab3001efa6071","selections":[],"createdAt":"2025-06-15T15:31:28.497Z","id":"684ee750f88c19000e0e4bd0"}}, 228.815 
 PlaceBet, Response Time: 0.2166443, Response: {"status":"ok","data":{"freebet":false,"winnings":0,"potentialWinnings":0,"roundHasEnded":false,"payout":false,"cancelled":false,"stake":100,"gameType":"aviatax","cashierId":"671e9e60b1418c7fd2eeb8cf","ticketId":"6829672043","betType":"single","playerId":"1","roundId":"17500014520248525","deviceId":"684b55eff20ab3001efa6071","selections":[],"createdAt":"2025-06-15T15:31:28.839Z","id":"684ee75054d4fc0012c67e80"}}, 229.165 
 PlaceBet, Response Time: 0.1999969, Response: {"status":"error"}, 229.3483 
 PlaceBet Status Not OK, response: {"status":"error"}, 229.3483 
 PlaceBet, Response Time: 0.2166901, Response: {"status":"ok","data":{"freebet":false,"winnings":0,"potentialWinnings":0,"roundHasEnded":false,"payout":false,"cancelled":false,"stake":200,"gameType":"aviatax","cashierId":"671e9e60b1418c7fd2eeb8cf","ticketId":"3578126600","betType":"single","playerId":"2","roundId":"17500014520248525","deviceId":"684b55eff20ab3001efa6071","selections":[],"createdAt":"2025-06-15T15:31:29.585Z","id":"684ee7518ebf86000fbf1ac8"}}, 229.915 
 PlaceBet, Response Time: 0.1999969, Response: {"status":"ok","data":{"freebet":false,"winnings":0,"potentialWinnings":0,"roundHasEnded":false,"payout":false,"cancelled":false,"stake":200,"gameType":"aviatax","cashierId":"671e9e60b1418c7fd2eeb8cf","ticketId":"2733251483","betType":"single","playerId":"8","roundId":"17500014520248525","deviceId":"684b55eff20ab3001efa6071","selections":[],"createdAt":"2025-06-15T15:31:30.140Z","id":"684ee7521e2d2d0012865444"}}, 230.465 

 PlaceBet, Response Time: 0.1997986, Response: {"status":"ok","data":{"freebet":false,"winnings":0,"potentialWinnings":0,"roundHasEnded":false,"payout":false,"cancelled":false,"stake":200,"gameType":"aviatax","cashierId":"671e9e60b1418c7fd2eeb8cf","ticketId":"3811306161","betType":"single","playerId":"8","roundId":"17500014614603614","deviceId":"684b55eff20ab3001efa6071","selections":[],"createdAt":"2025-06-15T15:31:45.546Z","id":"684ee7612610d8001c2481ad"}}, 245.8477 
 PlaceBet, Response Time: 0.2669983, Response: {"status":"ok","data":{"freebet":false,"winnings":0,"potentialWinnings":0,"roundHasEnded":false,"payout":false,"cancelled":false,"stake":100,"gameType":"aviatax","cashierId":"671e9e60b1418c7fd2eeb8cf","ticketId":"7652810903","betType":"single","playerId":"1","roundId":"17500014614603614","deviceId":"684b55eff20ab3001efa6071","selections":[],"createdAt":"2025-06-15T15:31:45.743Z","id":"684ee761194a8e0011983305"}}, 246.098 
 PlaceBet, Response Time: 0.2333527, Response: {"status":"ok","data":{"freebet":false,"winnings":0,"potentialWinnings":0,"roundHasEnded":false,"payout":false,"cancelled":false,"stake":2000,"gameType":"aviatax","cashierId":"671e9e60b1418c7fd2eeb8cf","ticketId":"9245642449","betType":"single","playerId":"3","roundId":"17500014614603614","deviceId":"684b55eff20ab3001efa6071","selections":[],"createdAt":"2025-06-15T15:31:46.105Z","id":"684ee762e1c395000ef8ec5a"}}, 246.4481 
 PlaceBet, Response Time: 0.216507, Response: {"status":"ok","data":{"freebet":false,"winnings":0,"potentialWinnings":0,"roundHasEnded":false,"payout":false,"cancelled":false,"stake":200,"gameType":"aviatax","cashierId":"671e9e60b1418c7fd2eeb8cf","ticketId":"3489075544","betType":"single","playerId":"6","roundId":"17500014614603614","deviceId":"684b55eff20ab3001efa6071","selections":[],"createdAt":"2025-06-15T15:31:47.215Z","id":"684ee763fbf2f900115d7b93"}}, 247.5313 
 PlaceBet, Response Time: 0.2830505, Response: {"status":"ok","data":{"freebet":false,"winnings":0,"potentialWinnings":0,"roundHasEnded":false,"payout":false,"cancelled":false,"stake":200,"gameType":"aviatax","cashierId":"671e9e60b1418c7fd2eeb8cf","ticketId":"8165626652","betType":"single","playerId":"4","roundId":"17500014614603614","deviceId":"684b55eff20ab3001efa6071","selections":[],"createdAt":"2025-06-15T15:31:47.407Z","id":"684ee763b808fe00182d54ea"}}, 247.7144 
 PlaceBet, Response Time: 0.21698, Response: {"status":"ok","data":{"freebet":false,"winnings":0,"potentialWinnings":0,"roundHasEnded":false,"payout":false,"cancelled":false,"stake":200,"gameType":"aviatax","cashierId":"671e9e60b1418c7fd2eeb8cf","ticketId":"4607796668","betType":"single","playerId":"5","roundId":"17500014614603614","deviceId":"684b55eff20ab3001efa6071","selections":[],"createdAt":"2025-06-15T15:31:47.604Z","id":"684ee763e2aef600153cde9b"}}, 247.9147 
 PlaceBet, Response Time: 0.2669983, Response: {"status":"ok","data":{"freebet":false,"winnings":0,"potentialWinnings":0,"roundHasEnded":false,"payout":false,"cancelled":false,"stake":200,"gameType":"aviatax","cashierId":"671e9e60b1418c7fd2eeb8cf","ticketId":"1841590945","betType":"single","playerId":"2","roundId":"17500014614603614","deviceId":"684b55eff20ab3001efa6071","selections":[],"createdAt":"2025-06-15T15:31:47.788Z","id":"684ee763f88c19000e0e4bec"}}, 248.0979 
 PlaceBet, Response Time: 0.2664032, Response: {"status":"error"}, 249.2142 
 PlaceBet Status Not OK, response: {"status":"error"}, 249.2142 

 PlaceBet, Response Time: 0.1997986, Response: {"status":"ok","data":{"freebet":false,"winnings":0,"potentialWinnings":0,"roundHasEnded":false,"payout":false,"cancelled":false,"stake":200,"gameType":"aviatax","cashierId":"671e9e60b1418c7fd2eeb8cf","ticketId":"4362816922","betType":"single","playerId":"6","roundId":"17500014861636056","deviceId":"684b55eff20ab3001efa6071","selections":[],"createdAt":"2025-06-15T15:31:54.716Z","id":"684ee76a43845d001da681d4"}}, 255.0119 
 PlaceBet, Response Time: 0.1997986, Response: {"status":"ok","data":{"freebet":false,"winnings":0,"potentialWinnings":0,"roundHasEnded":false,"payout":false,"cancelled":false,"stake":200,"gameType":"aviatax","cashierId":"671e9e60b1418c7fd2eeb8cf","ticketId":"1216595520","betType":"single","playerId":"5","roundId":"17500014861636056","deviceId":"684b55eff20ab3001efa6071","selections":[],"createdAt":"2025-06-15T15:31:54.962Z","id":"684ee76a88a8b9001ecbc0ed"}}, 255.2617 
 PlaceBet, Response Time: 0.1997986, Response: {"status":"error"}, 255.5114 
 PlaceBet Status Not OK, response: {"status":"error"}, 255.5114 
 PlaceBet, Response Time: 0.1998138, Response: {"status":"ok","data":{"freebet":false,"winnings":0,"potentialWinnings":0,"roundHasEnded":false,"payout":false,"cancelled":false,"stake":2000,"gameType":"aviatax","cashierId":"671e9e60b1418c7fd2eeb8cf","ticketId":"4282119493","betType":"single","playerId":"3","roundId":"17500014861636056","deviceId":"684b55eff20ab3001efa6071","selections":[],"createdAt":"2025-06-15T15:31:55.743Z","id":"684ee76b651ff100116f0b74"}}, 256.0442 
 PlaceBet, Response Time: 0.2330933, Response: {"status":"ok","data":{"freebet":false,"winnings":0,"potentialWinnings":0,"roundHasEnded":false,"payout":false,"cancelled":false,"stake":200,"gameType":"aviatax","cashierId":"671e9e60b1418c7fd2eeb8cf","ticketId":"9319154421","betType":"single","playerId":"2","roundId":"17500014861636056","deviceId":"684b55eff20ab3001efa6071","selections":[],"createdAt":"2025-06-15T15:31:55.962Z","id":"684ee76b6a710f00120cbce5"}}, 256.2939 
 PlaceBet, Response Time: 0.2331238, Response: {"status":"ok","data":{"freebet":false,"winnings":0,"potentialWinnings":0,"roundHasEnded":false,"payout":false,"cancelled":false,"stake":200,"gameType":"aviatax","cashierId":"671e9e60b1418c7fd2eeb8cf","ticketId":"5444044130","betType":"single","playerId":"4","roundId":"17500014861636056","deviceId":"684b55eff20ab3001efa6071","selections":[],"createdAt":"2025-06-15T15:31:56.100Z","id":"684ee76cfd4604001abaa2b7"}}, 256.4105 
 PlaceBet, Response Time: 0.2164612, Response: {"status":"ok","data":{"freebet":true,"winnings":0,"potentialWinnings":0,"roundHasEnded":false,"payout":false,"cancelled":false,"stake":30.1,"gameType":"aviatax","cashierId":"671e9e60b1418c7fd2eeb8cf","ticketId":"2200362387","betType":"single","playerId":"1","roundId":"17500014861636056","deviceId":"684b55eff20ab3001efa6071","selections":[],"createdAt":"2025-06-15T15:31:56.389Z","id":"684ee76ce9cc440010e369e1"}}, 256.6936 
 PlaceBet, Response Time: 0.2330933, Response: {"status":"ok","data":{"freebet":false,"winnings":0,"potentialWinnings":0,"roundHasEnded":false,"payout":false,"cancelled":false,"stake":200,"gameType":"aviatax","cashierId":"671e9e60b1418c7fd2eeb8cf","ticketId":"1017804445","betType":"single","playerId":"8","roundId":"17500014861636056","deviceId":"684b55eff20ab3001efa6071","selections":[],"createdAt":"2025-06-15T15:31:57.019Z","id":"684ee76d8b36a60013367ba6"}}, 257.3596 
 Cashout, Response Time: 0.2164307, Response: {"status":"ok","data":{"wallet":10658.438,"playLevel":100,"bonus":550,"freebet":false,"deviceId":"684b55eff20ab3001efa6071","cashierId":"671e9e60b1418c7fd2eeb8cf","playerId":1,"superAgentId":"6708d877f86545dd1d64ae0f","createdAt":"2025-06-12T22:36:11.225Z","id":"684b565bb84283001eb2f601"}}, 262.9207 
 Cashout, Response Time: 0.1997986, Response: {"status":"ok","data":{"wallet":7030.136878601021,"playLevel":200,"bonus":0,"freebet":false,"deviceId":"684b55eff20ab3001efa6071","cashierId":"671e9e60b1418c7fd2eeb8cf","playerId":2,"superAgentId":"6708d877f86545dd1d64ae0f","createdAt":"2025-06-12T22:36:11.709Z","id":"684b565bb84283001eb2f607"}}, 263.9363 

 PlaceBet, Response Time: 0.2164307, Response: {"status":"ok","data":{"freebet":false,"winnings":0,"potentialWinnings":0,"roundHasEnded":false,"payout":false,"cancelled":false,"stake":200,"gameType":"aviatax","cashierId":"671e9e60b1418c7fd2eeb8cf","ticketId":"5375487386","betType":"single","playerId":"4","roundId":"17500015042368056","deviceId":"684b55eff20ab3001efa6071","selections":[],"createdAt":"2025-06-15T15:32:10.811Z","id":"684ee77a54d4fc0012c67e9b"}}, 271.1303 
 PlaceBet, Response Time: 0.1997986, Response: {"status":"ok","data":{"freebet":true,"winnings":0,"potentialWinnings":0,"roundHasEnded":false,"payout":false,"cancelled":false,"stake":30.1,"gameType":"aviatax","cashierId":"671e9e60b1418c7fd2eeb8cf","ticketId":"3020299902","betType":"single","playerId":"5","roundId":"17500015042368056","deviceId":"684b55eff20ab3001efa6071","selections":[],"createdAt":"2025-06-15T15:32:11.426Z","id":"684ee77bb117a8000e69e70b"}}, 271.7308 
 PlaceBet, Response Time: 0.1997986, Response: {"status":"error"}, 272.2303 
 PlaceBet Status Not OK, response: {"status":"error"}, 272.2303 
 PlaceBet, Response Time: 0.1997986, Response: {"status":"ok","data":{"freebet":false,"winnings":0,"potentialWinnings":0,"roundHasEnded":false,"payout":false,"cancelled":false,"stake":100,"gameType":"aviatax","cashierId":"671e9e60b1418c7fd2eeb8cf","ticketId":"9392905447","betType":"single","playerId":"1","roundId":"17500015042368056","deviceId":"684b55eff20ab3001efa6071","selections":[],"createdAt":"2025-06-15T15:32:12.281Z","id":"684ee77c66a47400136afaa5"}}, 272.5799 
 PlaceBet, Response Time: 0.2497253, Response: {"status":"ok","data":{"freebet":false,"winnings":0,"potentialWinnings":0,"roundHasEnded":false,"payout":false,"cancelled":false,"stake":200,"gameType":"aviatax","cashierId":"671e9e60b1418c7fd2eeb8cf","ticketId":"9468001465","betType":"single","playerId":"8","roundId":"17500015042368056","deviceId":"684b55eff20ab3001efa6071","selections":[],"createdAt":"2025-06-15T15:32:12.470Z","id":"684ee77c16a9560010db713c"}}, 272.7797 
 PlaceBet, Response Time: 0.2513428, Response: {"status":"ok","data":{"freebet":false,"winnings":0,"potentialWinnings":0,"roundHasEnded":false,"payout":false,"cancelled":false,"stake":200,"gameType":"aviatax","cashierId":"671e9e60b1418c7fd2eeb8cf","ticketId":"3820780029","betType":"single","playerId":"2","roundId":"17500015042368056","deviceId":"684b55eff20ab3001efa6071","selections":[],"createdAt":"2025-06-15T15:32:12.781Z","id":"684ee77cd76f9100122cf115"}}, 273.081 
 PlaceBet, Response Time: 0.2167969, Response: {"status":"ok","data":{"freebet":false,"winnings":0,"potentialWinnings":0,"roundHasEnded":false,"payout":false,"cancelled":false,"stake":200,"gameType":"aviatax","cashierId":"671e9e60b1418c7fd2eeb8cf","ticketId":"3185551766","betType":"single","playerId":"6","roundId":"17500015042368056","deviceId":"684b55eff20ab3001efa6071","selections":[],"createdAt":"2025-06-15T15:32:13.581Z","id":"684ee77d66a47400136afac0"}}, 273.8977 
 Cashout, Response Time: 0.1997986, Response: {"status":"ok","data":{"wallet":10722.438,"playLevel":100,"bonus":550,"freebet":false,"deviceId":"684b55eff20ab3001efa6071","cashierId":"671e9e60b1418c7fd2eeb8cf","playerId":1,"superAgentId":"6708d877f86545dd1d64ae0f","createdAt":"2025-06-12T22:36:11.225Z","id":"684b565bb84283001eb2f601"}}, 279.997 

 PlaceBet, Response Time: 0.1997986, Response: {"status":"ok","data":{"freebet":false,"winnings":0,"potentialWinnings":0,"roundHasEnded":false,"payout":false,"cancelled":false,"stake":200,"gameType":"aviatax","cashierId":"671e9e60b1418c7fd2eeb8cf","ticketId":"5862781312","betType":"single","playerId":"4","roundId":"17500015136682195","deviceId":"684b55eff20ab3001efa6071","selections":[],"createdAt":"2025-06-15T15:32:27.848Z","id":"684ee78b268dc7000e12c43a"}}, 288.1467 
 PlaceBet, Response Time: 0.183136, Response: {"status":"ok","data":{"freebet":false,"winnings":0,"potentialWinnings":0,"roundHasEnded":false,"payout":false,"cancelled":false,"stake":200,"gameType":"aviatax","cashierId":"671e9e60b1418c7fd2eeb8cf","ticketId":"3668540115","betType":"single","playerId":"2","roundId":"17500015136682195","deviceId":"684b55eff20ab3001efa6071","selections":[],"createdAt":"2025-06-15T15:32:28.216Z","id":"684ee78ce1c395000ef8ec7a"}}, 288.513 
 PlaceBet, Response Time: 0.2001038, Response: {"status":"error"}, 288.8974 
 PlaceBet Status Not OK, response: {"status":"error"}, 288.8974 
 PlaceBet, Response Time: 0.2166748, Response: {"status":"ok","data":{"freebet":false,"winnings":0,"potentialWinnings":0,"roundHasEnded":false,"payout":false,"cancelled":false,"stake":200,"gameType":"aviatax","cashierId":"671e9e60b1418c7fd2eeb8cf","ticketId":"7561194750","betType":"single","playerId":"8","roundId":"17500015136682195","deviceId":"684b55eff20ab3001efa6071","selections":[],"createdAt":"2025-06-15T15:32:29.043Z","id":"684ee78d2277eb000fd950e3"}}, 289.364 
 PlaceBet, Response Time: 0.2001953, Response: {"status":"ok","data":{"freebet":false,"winnings":0,"potentialWinnings":0,"roundHasEnded":false,"payout":false,"cancelled":false,"stake":2000,"gameType":"aviatax","cashierId":"671e9e60b1418c7fd2eeb8cf","ticketId":"9800095831","betType":"single","playerId":"3","roundId":"17500015136682195","deviceId":"684b55eff20ab3001efa6071","selections":[],"createdAt":"2025-06-15T15:32:29.399Z","id":"684ee78d89248f0012acd3bf"}}, 289.6974 
 PlaceBet, Response Time: 0.1999512, Response: {"status":"ok","data":{"freebet":false,"winnings":0,"potentialWinnings":0,"roundHasEnded":false,"payout":false,"cancelled":false,"stake":100,"gameType":"aviatax","cashierId":"671e9e60b1418c7fd2eeb8cf","ticketId":"6322000408","betType":"single","playerId":"1","roundId":"17500015136682195","deviceId":"684b55eff20ab3001efa6071","selections":[],"createdAt":"2025-06-15T15:32:29.955Z","id":"684ee78d4ddeef001a91fb0f"}}, 290.264 
 PlaceBet, Response Time: 0.1999512, Response: {"status":"ok","data":{"freebet":false,"winnings":0,"potentialWinnings":0,"roundHasEnded":false,"payout":false,"cancelled":false,"stake":200,"gameType":"aviatax","cashierId":"671e9e60b1418c7fd2eeb8cf","ticketId":"4768371682","betType":"single","playerId":"5","roundId":"17500015136682195","deviceId":"684b55eff20ab3001efa6071","selections":[],"createdAt":"2025-06-15T15:32:29.980Z","id":"684ee78de06cea00132f4cef"}}, 290.2806 
 PlaceBet, Response Time: 0.2000122, Response: {"status":"ok","data":{"freebet":false,"winnings":0,"potentialWinnings":0,"roundHasEnded":false,"payout":false,"cancelled":false,"stake":200,"gameType":"aviatax","cashierId":"671e9e60b1418c7fd2eeb8cf","ticketId":"6268473385","betType":"single","playerId":"6","roundId":"17500015136682195","deviceId":"684b55eff20ab3001efa6071","selections":[],"createdAt":"2025-06-15T15:32:30.564Z","id":"684ee78e4f7b68000e7cb00b"}}, 290.8641 

 PlaceBet, Response Time: 0.2166748, Response: {"status":"ok","data":{"freebet":false,"winnings":0,"potentialWinnings":0,"roundHasEnded":false,"payout":false,"cancelled":false,"stake":200,"gameType":"aviatax","cashierId":"671e9e60b1418c7fd2eeb8cf","ticketId":"9509323831","betType":"single","playerId":"4","roundId":"1750001529327314","deviceId":"684b55eff20ab3001efa6071","selections":[],"createdAt":"2025-06-15T15:32:38.764Z","id":"684ee796fbf2f900115d7baf"}}, 299.0973 
 PlaceBet, Response Time: 0.2000122, Response: {"status":"error"}, 299.6806 
 PlaceBet Status Not OK, response: {"status":"error"}, 299.6806 
 PlaceBet, Response Time: 0.2666626, Response: {"status":"ok","data":{"freebet":false,"winnings":0,"potentialWinnings":0,"roundHasEnded":false,"payout":false,"cancelled":false,"stake":200,"gameType":"aviatax","cashierId":"671e9e60b1418c7fd2eeb8cf","ticketId":"6878816118","betType":"single","playerId":"6","roundId":"1750001529327314","deviceId":"684b55eff20ab3001efa6071","selections":[],"createdAt":"2025-06-15T15:32:39.819Z","id":"684ee79718ae0c000d84e6d0"}}, 300.1973 
 PlaceBet, Response Time: 0.2333069, Response: {"status":"ok","data":{"freebet":false,"winnings":0,"potentialWinnings":0,"roundHasEnded":false,"payout":false,"cancelled":false,"stake":200,"gameType":"aviatax","cashierId":"671e9e60b1418c7fd2eeb8cf","ticketId":"7415351438","betType":"single","playerId":"5","roundId":"1750001529327314","deviceId":"684b55eff20ab3001efa6071","selections":[],"createdAt":"2025-06-15T15:32:40.469Z","id":"684ee798acad1c0015cef741"}}, 300.7972 
 PlaceBet, Response Time: 0.2666626, Response: {"status":"ok","data":{"freebet":true,"winnings":0,"potentialWinnings":0,"roundHasEnded":false,"payout":false,"cancelled":false,"stake":30.1,"gameType":"aviatax","cashierId":"671e9e60b1418c7fd2eeb8cf","ticketId":"1117739704","betType":"single","playerId":"8","roundId":"1750001529327314","deviceId":"684b55eff20ab3001efa6071","selections":[],"createdAt":"2025-06-15T15:32:40.626Z","id":"684ee798a7e16c00266e1af3"}}, 300.9473 
 PlaceBet, Response Time: 0.3166504, Response: {"status":"ok","data":{"freebet":false,"winnings":0,"potentialWinnings":0,"roundHasEnded":false,"payout":false,"cancelled":false,"stake":2000,"gameType":"aviatax","cashierId":"671e9e60b1418c7fd2eeb8cf","ticketId":"1286331579","betType":"single","playerId":"3","roundId":"1750001529327314","deviceId":"684b55eff20ab3001efa6071","selections":[],"createdAt":"2025-06-15T15:32:40.819Z","id":"684ee798d354ca00209ed742"}}, 301.1472 
 PlaceBet, Response Time: 0.2166748, Response: {"status":"ok","data":{"freebet":false,"winnings":0,"potentialWinnings":0,"roundHasEnded":false,"payout":false,"cancelled":false,"stake":100,"gameType":"aviatax","cashierId":"671e9e60b1418c7fd2eeb8cf","ticketId":"2300749309","betType":"single","playerId":"1","roundId":"1750001529327314","deviceId":"684b55eff20ab3001efa6071","selections":[],"createdAt":"2025-06-15T15:32:40.970Z","id":"684ee7985cca9e001a401f8d"}}, 301.2973 
 PlaceBet, Response Time: 0.2000122, Response: {"status":"ok","data":{"freebet":false,"winnings":0,"potentialWinnings":0,"roundHasEnded":false,"payout":false,"cancelled":false,"stake":200,"gameType":"aviatax","cashierId":"671e9e60b1418c7fd2eeb8cf","ticketId":"9518650049","betType":"single","playerId":"2","roundId":"1750001529327314","deviceId":"684b55eff20ab3001efa6071","selections":[],"createdAt":"2025-06-15T15:32:41.774Z","id":"684ee799fbd8500011f84765"}}, 302.0973 
 Cashout, Response Time: 0.2166443, Response: {"status":"ok","data":{"wallet":6720.136878601021,"playLevel":200,"bonus":0,"freebet":false,"deviceId":"684b55eff20ab3001efa6071","cashierId":"671e9e60b1418c7fd2eeb8cf","playerId":2,"superAgentId":"6708d877f86545dd1d64ae0f","createdAt":"2025-06-12T22:36:11.709Z","id":"684b565bb84283001eb2f607"}}, 307.0139 
 Cashout, Response Time: 0.2333374, Response: {"status":"ok","data":{"wallet":6826.033,"playLevel":200,"bonus":385,"freebet":true,"deviceId":"684b55eff20ab3001efa6071","cashierId":"671e9e60b1418c7fd2eeb8cf","playerId":8,"superAgentId":"6708d877f86545dd1d64ae0f","createdAt":"2025-06-14T18:59:47.269Z","id":"684dc6a3d4760e0022946e80"}}, 310.9305 

 drop-jackpot, {"playerId":3,"jackpotAmount":1000,"jackpotType":"Silver"}, 318.897 
 DropJackpot Successfull, Jackpot sent to Player: 3, 318.9137 
 drop-jackpot, {"playerId":5,"jackpotAmount":1000,"jackpotType":"Bronze"}, 319.3303 
 DropJackpot Successfull, Jackpot sent to Player: 5, 319.3637 
 PlaceBet, Response Time: 0.2333374, Response: {"status":"ok","data":{"freebet":false,"winnings":0,"potentialWinnings":0,"roundHasEnded":false,"payout":false,"cancelled":false,"stake":200,"gameType":"aviatax","cashierId":"671e9e60b1418c7fd2eeb8cf","ticketId":"1106309472","betType":"single","playerId":"6","roundId":"17500015467917839","deviceId":"684b55eff20ab3001efa6071","selections":[],"createdAt":"2025-06-15T15:33:02.858Z","id":"684ee7ae1e2d2d001286545f"}}, 323.1803 
 PlaceBet, Response Time: 0.2166748, Response: {"status":"ok","data":{"freebet":false,"winnings":0,"potentialWinnings":0,"roundHasEnded":false,"payout":false,"cancelled":false,"stake":200,"gameType":"aviatax","cashierId":"671e9e60b1418c7fd2eeb8cf","ticketId":"8633193336","betType":"single","playerId":"5","roundId":"17500015467917839","deviceId":"684b55eff20ab3001efa6071","selections":[],"createdAt":"2025-06-15T15:33:03.086Z","id":"684ee7afa445b30010712032"}}, 323.4136 
 PlaceBet, Response Time: 0.25, Response: {"status":"ok","data":{"freebet":false,"winnings":0,"potentialWinnings":0,"roundHasEnded":false,"payout":false,"cancelled":false,"stake":200,"gameType":"aviatax","cashierId":"671e9e60b1418c7fd2eeb8cf","ticketId":"3477187599","betType":"single","playerId":"2","roundId":"17500015467917839","deviceId":"684b55eff20ab3001efa6071","selections":[],"createdAt":"2025-06-15T15:33:03.235Z","id":"684ee7aff88c19000e0e4c0f"}}, 323.5469 
 PlaceBet, Response Time: 0.2333374, Response: {"status":"error"}, 324.6469 
 PlaceBet Status Not OK, response: {"status":"error"}, 324.6469 
 PlaceBet, Response Time: 0.2000122, Response: {"status":"ok","data":{"freebet":false,"winnings":0,"potentialWinnings":0,"roundHasEnded":false,"payout":false,"cancelled":false,"stake":200,"gameType":"aviatax","cashierId":"671e9e60b1418c7fd2eeb8cf","ticketId":"7440446465","betType":"single","playerId":"4","roundId":"17500015467917839","deviceId":"684b55eff20ab3001efa6071","selections":[],"createdAt":"2025-06-15T15:33:04.722Z","id":"684ee7b09a25680011fdcae0"}}, 325.0469 
 PlaceBet, Response Time: 0.1999817, Response: {"status":"ok","data":{"freebet":true,"winnings":0,"potentialWinnings":0,"roundHasEnded":false,"payout":false,"cancelled":false,"stake":30.1,"gameType":"aviatax","cashierId":"671e9e60b1418c7fd2eeb8cf","ticketId":"5886334771","betType":"single","playerId":"8","roundId":"17500015467917839","deviceId":"684b55eff20ab3001efa6071","selections":[],"createdAt":"2025-06-15T15:33:05.014Z","id":"684ee7b199ab710014279861"}}, 325.3302 
 PlaceBet, Response Time: 0.2833252, Response: {"status":"ok","data":{"freebet":false,"winnings":0,"potentialWinnings":0,"roundHasEnded":false,"payout":false,"cancelled":false,"stake":100,"gameType":"aviatax","cashierId":"671e9e60b1418c7fd2eeb8cf","ticketId":"3704989383","betType":"single","playerId":"1","roundId":"17500015467917839","deviceId":"684b55eff20ab3001efa6071","selections":[],"createdAt":"2025-06-15T15:33:05.140Z","id":"684ee7b12610d8001c2481d7"}}, 325.4636 
 PlaceBet, Response Time: 0.2000122, Response: {"status":"ok","data":{"freebet":false,"winnings":0,"potentialWinnings":0,"roundHasEnded":false,"payout":false,"cancelled":false,"stake":2000,"gameType":"aviatax","cashierId":"671e9e60b1418c7fd2eeb8cf","ticketId":"4977363112","betType":"single","playerId":"3","roundId":"17500015467917839","deviceId":"684b55eff20ab3001efa6071","selections":[],"createdAt":"2025-06-15T15:33:05.493Z","id":"684ee7b154d4fc0012c67eb9"}}, 325.8136 
 Cashout, Response Time: 0.2166443, Response: {"status":"ok","data":{"wallet":13558.345833972984,"playLevel":200,"bonus":550,"freebet":false,"deviceId":"684b55eff20ab3001efa6071","cashierId":"671e9e60b1418c7fd2eeb8cf","playerId":4,"superAgentId":"6708d877f86545dd1d64ae0f","createdAt":"2025-06-12T22:36:13.499Z","id":"684b565d95dd5c0010284e41"}}, 330.1302 

 PlaceBet, Response Time: 0.2167053, Response: {"status":"ok","data":{"freebet":false,"winnings":0,"potentialWinnings":0,"roundHasEnded":false,"payout":false,"cancelled":false,"stake":200,"gameType":"aviatax","cashierId":"671e9e60b1418c7fd2eeb8cf","ticketId":"1817961731","betType":"single","playerId":"6","roundId":"17500015574299082","deviceId":"684b55eff20ab3001efa6071","selections":[],"createdAt":"2025-06-15T15:33:16.482Z","id":"684ee7bce06cea00132f4d0a"}}, 336.8134 
 PlaceBet, Response Time: 0.1833496, Response: {"status":"ok","data":{"freebet":false,"winnings":0,"potentialWinnings":0,"roundHasEnded":false,"payout":false,"cancelled":false,"stake":200,"gameType":"aviatax","cashierId":"671e9e60b1418c7fd2eeb8cf","ticketId":"2609675641","betType":"single","playerId":"4","roundId":"17500015574299082","deviceId":"684b55eff20ab3001efa6071","selections":[],"createdAt":"2025-06-15T15:33:16.784Z","id":"684ee7bc65328c00105ed9ed"}}, 337.0967 
 PlaceBet, Response Time: 0.2666931, Response: {"status":"error"}, 337.2467 
 PlaceBet Status Not OK, response: {"status":"error"}, 337.2467 
 PlaceBet, Response Time: 0.2166443, Response: {"status":"ok","data":{"freebet":false,"winnings":0,"potentialWinnings":0,"roundHasEnded":false,"payout":false,"cancelled":false,"stake":200,"gameType":"aviatax","cashierId":"671e9e60b1418c7fd2eeb8cf","ticketId":"9483777672","betType":"single","playerId":"2","roundId":"17500015574299082","deviceId":"684b55eff20ab3001efa6071","selections":[],"createdAt":"2025-06-15T15:33:17.640Z","id":"684ee7bdcbd1e400107d0064"}}, 337.9634 
 PlaceBet, Response Time: 0.3166809, Response: {"status":"ok","data":{"freebet":false,"winnings":0,"potentialWinnings":0,"roundHasEnded":false,"payout":false,"cancelled":false,"stake":100,"gameType":"aviatax","cashierId":"671e9e60b1418c7fd2eeb8cf","ticketId":"3147546634","betType":"single","playerId":"1","roundId":"17500015574299082","deviceId":"684b55eff20ab3001efa6071","selections":[],"createdAt":"2025-06-15T15:33:17.751Z","id":"684ee7bdf97b90000ef73b2f"}}, 338.08 
 PlaceBet, Response Time: 0.1999817, Response: {"status":"ok","data":{"freebet":true,"winnings":0,"potentialWinnings":0,"roundHasEnded":false,"payout":false,"cancelled":false,"stake":30.1,"gameType":"aviatax","cashierId":"671e9e60b1418c7fd2eeb8cf","ticketId":"2069373658","betType":"single","playerId":"8","roundId":"17500015574299082","deviceId":"684b55eff20ab3001efa6071","selections":[],"createdAt":"2025-06-15T15:33:18.027Z","id":"684ee7be43845d001da681f7"}}, 338.3467 
 PlaceBet, Response Time: 0.3000183, Response: {"status":"ok","data":{"freebet":false,"winnings":0,"potentialWinnings":0,"roundHasEnded":false,"payout":false,"cancelled":false,"stake":2000,"gameType":"aviatax","cashierId":"671e9e60b1418c7fd2eeb8cf","ticketId":"3462923835","betType":"single","playerId":"3","roundId":"17500015574299082","deviceId":"684b55eff20ab3001efa6071","selections":[],"createdAt":"2025-06-15T15:33:18.149Z","id":"684ee7be54d4fc0012c67eda"}}, 338.4634 
 PlaceBet, Response Time: 0.1999817, Response: {"status":"ok","data":{"freebet":false,"winnings":0,"potentialWinnings":0,"roundHasEnded":false,"payout":false,"cancelled":false,"stake":200,"gameType":"aviatax","cashierId":"671e9e60b1418c7fd2eeb8cf","ticketId":"6538691976","betType":"single","playerId":"5","roundId":"17500015574299082","deviceId":"684b55eff20ab3001efa6071","selections":[],"createdAt":"2025-06-15T15:33:18.183Z","id":"684ee7be88a8b9001ecbc108"}}, 338.4967 
 Cashout, Response Time: 0.1999817, Response: {"status":"ok","data":{"wallet":10621.438,"playLevel":100,"bonus":550,"freebet":false,"deviceId":"684b55eff20ab3001efa6071","cashierId":"671e9e60b1418c7fd2eeb8cf","playerId":1,"superAgentId":"6708d877f86545dd1d64ae0f","createdAt":"2025-06-12T22:36:11.225Z","id":"684b565bb84283001eb2f601"}}, 349.2798 
 Cashout, Response Time: 0.1999817, Response: {"status":"ok","data":{"wallet":18236.391,"playLevel":200,"bonus":550,"freebet":false,"deviceId":"684b55eff20ab3001efa6071","cashierId":"671e9e60b1418c7fd2eeb8cf","playerId":5,"superAgentId":"6708d877f86545dd1d64ae0f","createdAt":"2025-06-12T22:44:57.115Z","id":"684b58692b2345000ebc9e62"}}, 352.1631 

 drop-jackpot, {"playerId":2,"jackpotAmount":1000,"jackpotType":"Gold"}, 353.3631 
 DropJackpot Successfull, Jackpot sent to Player: 2, 353.3798 
 PlaceBet, Response Time: 0.2000122, Response: {"status":"ok","data":{"freebet":false,"winnings":0,"potentialWinnings":0,"roundHasEnded":false,"payout":false,"cancelled":false,"stake":200,"gameType":"aviatax","cashierId":"671e9e60b1418c7fd2eeb8cf","ticketId":"9909184579","betType":"single","playerId":"5","roundId":"17500015811047032","deviceId":"684b55eff20ab3001efa6071","selections":[],"createdAt":"2025-06-15T15:33:36.671Z","id":"684ee7d0fbf2f900115d7bca"}}, 356.9964 
 PlaceBet, Response Time: 0.1999817, Response: {"status":"ok","data":{"freebet":false,"winnings":0,"potentialWinnings":0,"roundHasEnded":false,"payout":false,"cancelled":false,"stake":100,"gameType":"aviatax","cashierId":"671e9e60b1418c7fd2eeb8cf","ticketId":"1806627580","betType":"single","playerId":"1","roundId":"17500015811047032","deviceId":"684b55eff20ab3001efa6071","selections":[],"createdAt":"2025-06-15T15:33:36.863Z","id":"684ee7d0b808fe00182d5505"}}, 357.1797 
 PlaceBet, Response Time: 0.25, Response: {"status":"error"}, 357.2631 
 PlaceBet Status Not OK, response: {"status":"error"}, 357.2631 
 PlaceBet, Response Time: 0.2666626, Response: {"status":"ok","data":{"freebet":false,"winnings":0,"potentialWinnings":0,"roundHasEnded":false,"payout":false,"cancelled":false,"stake":200,"gameType":"aviatax","cashierId":"671e9e60b1418c7fd2eeb8cf","ticketId":"7856029527","betType":"single","playerId":"6","roundId":"17500015811047032","deviceId":"684b55eff20ab3001efa6071","selections":[],"createdAt":"2025-06-15T15:33:36.964Z","id":"684ee7d09fd0ea0010c55ae1"}}, 357.2798 
 PlaceBet, Response Time: 0.2000122, Response: {"status":"ok","data":{"freebet":false,"winnings":0,"potentialWinnings":0,"roundHasEnded":false,"payout":false,"cancelled":false,"stake":200,"gameType":"aviatax","cashierId":"671e9e60b1418c7fd2eeb8cf","ticketId":"8089912094","betType":"single","playerId":"4","roundId":"17500015811047032","deviceId":"684b55eff20ab3001efa6071","selections":[],"createdAt":"2025-06-15T15:33:37.181Z","id":"684ee7d12610d8001c2481f2"}}, 357.4964 
 PlaceBet, Response Time: 0.3499756, Response: {"status":"ok","data":{"freebet":false,"winnings":0,"potentialWinnings":0,"roundHasEnded":false,"payout":false,"cancelled":false,"stake":200,"gameType":"aviatax","cashierId":"671e9e60b1418c7fd2eeb8cf","ticketId":"5586973149","betType":"single","playerId":"8","roundId":"17500015811047032","deviceId":"684b55eff20ab3001efa6071","selections":[],"createdAt":"2025-06-15T15:33:37.370Z","id":"684ee7d1e2aef600153cdebd"}}, 357.6964 
 PlaceBet, Response Time: 0.2000122, Response: {"status":"ok","data":{"freebet":false,"winnings":0,"potentialWinnings":0,"roundHasEnded":false,"payout":false,"cancelled":false,"stake":2000,"gameType":"aviatax","cashierId":"671e9e60b1418c7fd2eeb8cf","ticketId":"8618740294","betType":"single","playerId":"3","roundId":"17500015811047032","deviceId":"684b55eff20ab3001efa6071","selections":[],"createdAt":"2025-06-15T15:33:39.798Z","id":"684ee7d38623d70014707a2f"}}, 360.1131 
 Cashout, Response Time: 0.2166748, Response: {"status":"ok","data":{"wallet":13384.345833972984,"playLevel":200,"bonus":550,"freebet":false,"deviceId":"684b55eff20ab3001efa6071","cashierId":"671e9e60b1418c7fd2eeb8cf","playerId":4,"superAgentId":"6708d877f86545dd1d64ae0f","createdAt":"2025-06-12T22:36:13.499Z","id":"684b565d95dd5c0010284e41"}}, 363.363 

 PlaceBet, Response Time: 0.2166748, Response: {"status":"ok","data":{"freebet":false,"winnings":0,"potentialWinnings":0,"roundHasEnded":false,"payout":false,"cancelled":false,"stake":200,"gameType":"aviatax","cashierId":"671e9e60b1418c7fd2eeb8cf","ticketId":"5872178314","betType":"single","playerId":"6","roundId":"17500015938464870","deviceId":"684b55eff20ab3001efa6071","selections":[],"createdAt":"2025-06-15T15:33:53.344Z","id":"684ee7e1af71fd0011794737"}}, 373.6628 
 PlaceBet, Response Time: 0.1999817, Response: {"status":"ok","data":{"freebet":false,"winnings":0,"potentialWinnings":0,"roundHasEnded":false,"payout":false,"cancelled":false,"stake":200,"gameType":"aviatax","cashierId":"671e9e60b1418c7fd2eeb8cf","ticketId":"8698022476","betType":"single","playerId":"8","roundId":"17500015938464870","deviceId":"684b55eff20ab3001efa6071","selections":[],"createdAt":"2025-06-15T15:33:53.874Z","id":"684ee7e1a0c4ad000f0ba8d7"}}, 374.1962 
 PlaceBet, Response Time: 0.2166748, Response: {"status":"ok","data":{"freebet":false,"winnings":0,"potentialWinnings":0,"roundHasEnded":false,"payout":false,"cancelled":false,"stake":100,"gameType":"aviatax","cashierId":"671e9e60b1418c7fd2eeb8cf","ticketId":"3374727505","betType":"single","playerId":"1","roundId":"17500015938464870","deviceId":"684b55eff20ab3001efa6071","selections":[],"createdAt":"2025-06-15T15:33:54.228Z","id":"684ee7e238910f00136b3d59"}}, 374.5462 
 PlaceBet, Response Time: 0.2166748, Response: {"status":"ok","data":{"freebet":true,"winnings":0,"potentialWinnings":0,"roundHasEnded":false,"payout":false,"cancelled":false,"stake":30.1,"gameType":"aviatax","cashierId":"671e9e60b1418c7fd2eeb8cf","ticketId":"9775987009","betType":"single","playerId":"5","roundId":"17500015938464870","deviceId":"684b55eff20ab3001efa6071","selections":[],"createdAt":"2025-06-15T15:33:54.845Z","id":"684ee7e2015875000f6d355c"}}, 375.1628 
 PlaceBet, Response Time: 0.3166504, Response: {"status":"ok","data":{"freebet":false,"winnings":0,"potentialWinnings":0,"roundHasEnded":false,"payout":false,"cancelled":false,"stake":200,"gameType":"aviatax","cashierId":"671e9e60b1418c7fd2eeb8cf","ticketId":"1543606007","betType":"single","playerId":"2","roundId":"17500015938464870","deviceId":"684b55eff20ab3001efa6071","selections":[],"createdAt":"2025-06-15T15:33:55.004Z","id":"684ee7e343845d001da68213"}}, 375.3295 
 PlaceBet, Response Time: 0.1999817, Response: {"status":"error"}, 375.8961 
 PlaceBet Status Not OK, response: {"status":"error"}, 375.8961 
 PlaceBet, Response Time: 0.2166443, Response: {"status":"ok","data":{"freebet":false,"winnings":0,"potentialWinnings":0,"roundHasEnded":false,"payout":false,"cancelled":false,"stake":2000,"gameType":"aviatax","cashierId":"671e9e60b1418c7fd2eeb8cf","ticketId":"2370359917","betType":"single","playerId":"3","roundId":"17500015938464870","deviceId":"684b55eff20ab3001efa6071","selections":[],"createdAt":"2025-06-15T15:33:56.126Z","id":"684ee7e4e9cc440010e369fd"}}, 376.4461 
 PlaceBet, Response Time: 0.2166748, Response: {"status":"ok","data":{"freebet":false,"winnings":0,"potentialWinnings":0,"roundHasEnded":false,"payout":false,"cancelled":false,"stake":200,"gameType":"aviatax","cashierId":"671e9e60b1418c7fd2eeb8cf","ticketId":"7883991227","betType":"single","playerId":"4","roundId":"17500015938464870","deviceId":"684b55eff20ab3001efa6071","selections":[],"createdAt":"2025-06-15T15:33:56.623Z","id":"684ee7e443845d001da6822e"}}, 376.9461 

 Cashout, Response Time: 0.2499695, Response: {"status":"ok","data":{"wallet":18051.14,"playLevel":200,"bonus":550,"freebet":false,"deviceId":"684b55eff20ab3001efa6071","cashierId":"671e9e60b1418c7fd2eeb8cf","playerId":5,"superAgentId":"6708d877f86545dd1d64ae0f","createdAt":"2025-06-12T22:44:57.115Z","id":"684b58692b2345000ebc9e62"}}, 381.8794 
 PlaceBet, Response Time: 0.2000122, Response: {"status":"ok","data":{"freebet":false,"winnings":0,"potentialWinnings":0,"roundHasEnded":false,"payout":false,"cancelled":false,"stake":100,"gameType":"aviatax","cashierId":"671e9e60b1418c7fd2eeb8cf","ticketId":"5806900625","betType":"single","playerId":"1","roundId":"17500016156285096","deviceId":"684b55eff20ab3001efa6071","selections":[],"createdAt":"2025-06-15T15:34:05.543Z","id":"684ee7ed0cf8930011a5808f"}}, 385.8627 
 PlaceBet, Response Time: 0.2000122, Response: {"status":"ok","data":{"freebet":true,"winnings":0,"potentialWinnings":0,"roundHasEnded":false,"payout":false,"cancelled":false,"stake":30.1,"gameType":"aviatax","cashierId":"671e9e60b1418c7fd2eeb8cf","ticketId":"6764751608","betType":"single","playerId":"8","roundId":"17500016156285096","deviceId":"684b55eff20ab3001efa6071","selections":[],"createdAt":"2025-06-15T15:34:06.815Z","id":"684ee7ee54d4fc0012c67ef7"}}, 387.1293 
 PlaceBet, Response Time: 0.1999817, Response: {"status":"ok","data":{"freebet":false,"winnings":0,"potentialWinnings":0,"roundHasEnded":false,"payout":false,"cancelled":false,"stake":200,"gameType":"aviatax","cashierId":"671e9e60b1418c7fd2eeb8cf","ticketId":"3745080840","betType":"single","playerId":"2","roundId":"17500016156285096","deviceId":"684b55eff20ab3001efa6071","selections":[],"createdAt":"2025-06-15T15:34:07.063Z","id":"684ee7ef9a25680011fdcafb"}}, 387.3793 
 PlaceBet, Response Time: 0.2000122, Response: {"status":"ok","data":{"freebet":false,"winnings":0,"potentialWinnings":0,"roundHasEnded":false,"payout":false,"cancelled":false,"stake":2000,"gameType":"aviatax","cashierId":"671e9e60b1418c7fd2eeb8cf","ticketId":"9777908386","betType":"single","playerId":"3","roundId":"17500016156285096","deviceId":"684b55eff20ab3001efa6071","selections":[],"createdAt":"2025-06-15T15:34:07.521Z","id":"684ee7eff88c19000e0e4c2c"}}, 387.846 
 PlaceBet, Response Time: 0.1999817, Response: {"status":"ok","data":{"freebet":false,"winnings":0,"potentialWinnings":0,"roundHasEnded":false,"payout":false,"cancelled":false,"stake":200,"gameType":"aviatax","cashierId":"671e9e60b1418c7fd2eeb8cf","ticketId":"8967174181","betType":"single","playerId":"6","roundId":"17500016156285096","deviceId":"684b55eff20ab3001efa6071","selections":[],"createdAt":"2025-06-15T15:34:07.853Z","id":"684ee7efc58c2600233f8588"}}, 388.1793 
 PlaceBet, Response Time: 0.2166443, Response: {"status":"ok","data":{"freebet":false,"winnings":0,"potentialWinnings":0,"roundHasEnded":false,"payout":false,"cancelled":false,"stake":200,"gameType":"aviatax","cashierId":"671e9e60b1418c7fd2eeb8cf","ticketId":"6486135272","betType":"single","playerId":"5","roundId":"17500016156285096","deviceId":"684b55eff20ab3001efa6071","selections":[],"createdAt":"2025-06-15T15:34:08.587Z","id":"684ee7f0c8b47e0013945f3a"}}, 388.9126 
 PlaceBet, Response Time: 0.2333374, Response: {"status":"error"}, 389.5626 
 PlaceBet Status Not OK, response: {"status":"error"}, 389.5626 
 PlaceBet, Response Time: 0.25, Response: {"status":"ok","data":{"freebet":false,"winnings":0,"potentialWinnings":0,"roundHasEnded":false,"payout":false,"cancelled":false,"stake":200,"gameType":"aviatax","cashierId":"671e9e60b1418c7fd2eeb8cf","ticketId":"9409691228","betType":"single","playerId":"4","roundId":"17500016156285096","deviceId":"684b55eff20ab3001efa6071","selections":[],"createdAt":"2025-06-15T15:34:09.318Z","id":"684ee7f154d4fc0012c67f13"}}, 389.6626 
 Cashout, Response Time: 0.2166443, Response: {"status":"ok","data":{"wallet":7158.136878601021,"playLevel":200,"bonus":0,"freebet":false,"deviceId":"684b55eff20ab3001efa6071","cashierId":"671e9e60b1418c7fd2eeb8cf","playerId":2,"superAgentId":"6708d877f86545dd1d64ae0f","createdAt":"2025-06-12T22:36:11.709Z","id":"684b565bb84283001eb2f607"}}, 392.5459 

 PlaceBet, Response Time: 0.1999817, Response: {"status":"ok","data":{"freebet":false,"winnings":0,"potentialWinnings":0,"roundHasEnded":false,"payout":false,"cancelled":false,"stake":200,"gameType":"aviatax","cashierId":"671e9e60b1418c7fd2eeb8cf","ticketId":"5926846606","betType":"single","playerId":"5","roundId":"17500016318887586","deviceId":"684b55eff20ab3001efa6071","selections":[],"createdAt":"2025-06-15T15:34:22.060Z","id":"684ee7fed217e8001a55d0fe"}}, 402.3791 
 PlaceBet, Response Time: 0.1999817, Response: {"status":"ok","data":{"freebet":false,"winnings":0,"potentialWinnings":0,"roundHasEnded":false,"payout":false,"cancelled":false,"stake":200,"gameType":"aviatax","cashierId":"671e9e60b1418c7fd2eeb8cf","ticketId":"4768789754","betType":"single","playerId":"8","roundId":"17500016318887586","deviceId":"684b55eff20ab3001efa6071","selections":[],"createdAt":"2025-06-15T15:34:22.294Z","id":"684ee7fee7a25e0010f0092c"}}, 402.6124 
 PlaceBet, Response Time: 0.2833557, Response: {"status":"ok","data":{"freebet":false,"winnings":0,"potentialWinnings":0,"roundHasEnded":false,"payout":false,"cancelled":false,"stake":200,"gameType":"aviatax","cashierId":"671e9e60b1418c7fd2eeb8cf","ticketId":"2600014993","betType":"single","playerId":"4","roundId":"17500016318887586","deviceId":"684b55eff20ab3001efa6071","selections":[],"createdAt":"2025-06-15T15:34:22.401Z","id":"684ee7fefd4604001abaa2d2"}}, 402.7291 
 PlaceBet, Response Time: 0.2666931, Response: {"status":"ok","data":{"freebet":true,"winnings":0,"potentialWinnings":0,"roundHasEnded":false,"payout":false,"cancelled":false,"stake":30.1,"gameType":"aviatax","cashierId":"671e9e60b1418c7fd2eeb8cf","ticketId":"1413233558","betType":"single","playerId":"1","roundId":"17500016318887586","deviceId":"684b55eff20ab3001efa6071","selections":[],"createdAt":"2025-06-15T15:34:22.404Z","id":"684ee7fe769eb8001a50c795"}}, 402.7291 
 PlaceBet, Response Time: 0.2500305, Response: {"status":"ok","data":{"freebet":false,"winnings":0,"potentialWinnings":0,"roundHasEnded":false,"payout":false,"cancelled":false,"stake":200,"gameType":"aviatax","cashierId":"671e9e60b1418c7fd2eeb8cf","ticketId":"3939141455","betType":"single","playerId":"6","roundId":"17500016318887586","deviceId":"684b55eff20ab3001efa6071","selections":[],"createdAt":"2025-06-15T15:34:23.426Z","id":"684ee7ff8b36a60013367bc1"}}, 403.7957 
 PlaceBet, Response Time: 0.2333069, Response: {"status":"ok","data":{"freebet":false,"winnings":0,"potentialWinnings":0,"roundHasEnded":false,"payout":false,"cancelled":false,"stake":2000,"gameType":"aviatax","cashierId":"671e9e60b1418c7fd2eeb8cf","ticketId":"8485837708","betType":"single","playerId":"3","roundId":"17500016318887586","deviceId":"684b55eff20ab3001efa6071","selections":[],"createdAt":"2025-06-15T15:34:24.618Z","id":"684ee80018ae0c000d84e6eb"}}, 404.9624 
 PlaceBet, Response Time: 0.25, Response: {"status":"ok","data":{"freebet":false,"winnings":0,"potentialWinnings":0,"roundHasEnded":false,"payout":false,"cancelled":false,"stake":200,"gameType":"aviatax","cashierId":"671e9e60b1418c7fd2eeb8cf","ticketId":"5827763894","betType":"single","playerId":"2","roundId":"17500016318887586","deviceId":"684b55eff20ab3001efa6071","selections":[],"createdAt":"2025-06-15T15:34:24.867Z","id":"684ee8003095f500148080d9"}}, 405.229 
 PlaceBet, Response Time: 0.2666626, Response: {"status":"error"}, 405.3123 
 PlaceBet Status Not OK, response: {"status":"error"}, 405.3123 

 PlaceBet, Response Time: 0.25, Response: {"status":"ok","data":{"freebet":false,"winnings":0,"potentialWinnings":0,"roundHasEnded":false,"payout":false,"cancelled":false,"stake":100,"gameType":"aviatax","cashierId":"671e9e60b1418c7fd2eeb8cf","ticketId":"6678933070","betType":"single","playerId":"1","roundId":"17500016445219418","deviceId":"684b55eff20ab3001efa6071","selections":[],"createdAt":"2025-06-15T15:34:32.011Z","id":"684ee8082610d8001c24820e"}}, 412.379 
 PlaceBet, Response Time: 0.2000122, Response: {"status":"ok","data":{"freebet":false,"winnings":0,"potentialWinnings":0,"roundHasEnded":false,"payout":false,"cancelled":false,"stake":200,"gameType":"aviatax","cashierId":"671e9e60b1418c7fd2eeb8cf","ticketId":"5461677567","betType":"single","playerId":"4","roundId":"17500016445219418","deviceId":"684b55eff20ab3001efa6071","selections":[],"createdAt":"2025-06-15T15:34:32.948Z","id":"684ee808fbf2f900115d7beb"}}, 413.2623 
 PlaceBet, Response Time: 0.2166748, Response: {"status":"ok","data":{"freebet":false,"winnings":0,"potentialWinnings":0,"roundHasEnded":false,"payout":false,"cancelled":false,"stake":200,"gameType":"aviatax","cashierId":"671e9e60b1418c7fd2eeb8cf","ticketId":"3567758556","betType":"single","playerId":"2","roundId":"17500016445219418","deviceId":"684b55eff20ab3001efa6071","selections":[],"createdAt":"2025-06-15T15:34:33.735Z","id":"684ee809e2aef600153cded8"}}, 414.0623 
 PlaceBet, Response Time: 0.2000122, Response: {"status":"ok","data":{"freebet":true,"winnings":0,"potentialWinnings":0,"roundHasEnded":false,"payout":false,"cancelled":false,"stake":30.1,"gameType":"aviatax","cashierId":"671e9e60b1418c7fd2eeb8cf","ticketId":"6479289428","betType":"single","playerId":"3","roundId":"17500016445219418","deviceId":"684b55eff20ab3001efa6071","selections":[],"createdAt":"2025-06-15T15:34:34.061Z","id":"684ee80a43845d001da68251"}}, 414.3789 
 PlaceBet, Response Time: 0.333313, Response: {"status":"ok","data":{"freebet":false,"winnings":0,"potentialWinnings":0,"roundHasEnded":false,"payout":false,"cancelled":false,"stake":200,"gameType":"aviatax","cashierId":"671e9e60b1418c7fd2eeb8cf","ticketId":"4894344427","betType":"single","playerId":"8","roundId":"17500016445219418","deviceId":"684b55eff20ab3001efa6071","selections":[],"createdAt":"2025-06-15T15:34:34.194Z","id":"684ee80a4f7b68000e7cb026"}}, 414.5789 
 PlaceBet, Response Time: 0.2999878, Response: {"status":"ok","data":{"freebet":false,"winnings":0,"potentialWinnings":0,"roundHasEnded":false,"payout":false,"cancelled":false,"stake":200,"gameType":"aviatax","cashierId":"671e9e60b1418c7fd2eeb8cf","ticketId":"5831009314","betType":"single","playerId":"6","roundId":"17500016445219418","deviceId":"684b55eff20ab3001efa6071","selections":[],"createdAt":"2025-06-15T15:34:34.509Z","id":"684ee80a43845d001da6826b"}}, 414.8289 
 PlaceBet, Response Time: 0.3166809, Response: {"status":"error"}, 414.8956 
 PlaceBet Status Not OK, response: {"status":"error"}, 414.8956 
 PlaceBet, Response Time: 0.2832947, Response: {"status":"ok","data":{"freebet":false,"winnings":0,"potentialWinnings":0,"roundHasEnded":false,"payout":false,"cancelled":false,"stake":200,"gameType":"aviatax","cashierId":"671e9e60b1418c7fd2eeb8cf","ticketId":"8807003819","betType":"single","playerId":"5","roundId":"17500016445219418","deviceId":"684b55eff20ab3001efa6071","selections":[],"createdAt":"2025-06-15T15:34:34.705Z","id":"684ee80ad354ca00209ed762"}}, 415.0455 
 Cashout, Response Time: 0.2166748, Response: {"status":"ok","data":{"wallet":18019.14,"playLevel":200,"bonus":550,"freebet":false,"deviceId":"684b55eff20ab3001efa6071","cashierId":"671e9e60b1418c7fd2eeb8cf","playerId":5,"superAgentId":"6708d877f86545dd1d64ae0f","createdAt":"2025-06-12T22:44:57.115Z","id":"684b58692b2345000ebc9e62"}}, 425.7121 
 Cashout, Response Time: 0.2166748, Response: {"status":"ok","data":{"wallet":13844.345833972984,"playLevel":200,"bonus":550,"freebet":false,"deviceId":"684b55eff20ab3001efa6071","cashierId":"671e9e60b1418c7fd2eeb8cf","playerId":4,"superAgentId":"6708d877f86545dd1d64ae0f","createdAt":"2025-06-12T22:36:13.499Z","id":"684b565d95dd5c0010284e41"}}, 432.1453 

 PlaceBet, Response Time: 0.1999817, Response: {"status":"ok","data":{"freebet":false,"winnings":0,"potentialWinnings":0,"roundHasEnded":false,"payout":false,"cancelled":false,"stake":200,"gameType":"aviatax","cashierId":"671e9e60b1418c7fd2eeb8cf","ticketId":"1256113277","betType":"single","playerId":"8","roundId":"17500016602644638","deviceId":"684b55eff20ab3001efa6071","selections":[],"createdAt":"2025-06-15T15:34:58.999Z","id":"684ee8228c9ef3000ec8aac0"}}, 439.3119 
 PlaceBet, Response Time: 0.1999817, Response: {"status":"ok","data":{"freebet":false,"winnings":0,"potentialWinnings":0,"roundHasEnded":false,"payout":false,"cancelled":false,"stake":100,"gameType":"aviatax","cashierId":"671e9e60b1418c7fd2eeb8cf","ticketId":"3099129461","betType":"single","playerId":"1","roundId":"17500016602644638","deviceId":"684b55eff20ab3001efa6071","selections":[],"createdAt":"2025-06-15T15:34:59.957Z","id":"684ee823f95d33000d42348e"}}, 440.2785 
 PlaceBet, Response Time: 0.2833557, Response: {"status":"ok","data":{"freebet":false,"winnings":0,"potentialWinnings":0,"roundHasEnded":false,"payout":false,"cancelled":false,"stake":200,"gameType":"aviatax","cashierId":"671e9e60b1418c7fd2eeb8cf","ticketId":"3346175959","betType":"single","playerId":"5","roundId":"17500016602644638","deviceId":"684b55eff20ab3001efa6071","selections":[],"createdAt":"2025-06-15T15:35:00.063Z","id":"684ee824f97b90000ef73b4a"}}, 440.3785 
 PlaceBet, Response Time: 0.2000427, Response: {"status":"ok","data":{"freebet":false,"winnings":0,"potentialWinnings":0,"roundHasEnded":false,"payout":false,"cancelled":false,"stake":200,"gameType":"aviatax","cashierId":"671e9e60b1418c7fd2eeb8cf","ticketId":"6732458618","betType":"single","playerId":"6","roundId":"17500016602644638","deviceId":"684b55eff20ab3001efa6071","selections":[],"createdAt":"2025-06-15T15:35:00.639Z","id":"684ee824a10c8e00207fc51a"}}, 440.9619 
 PlaceBet, Response Time: 0.1833191, Response: {"status":"error"}, 441.3785 
 PlaceBet Status Not OK, response: {"status":"error"}, 441.3785 
 PlaceBet, Response Time: 0.2000122, Response: {"status":"ok","data":{"freebet":false,"winnings":0,"potentialWinnings":0,"roundHasEnded":false,"payout":false,"cancelled":false,"stake":200,"gameType":"aviatax","cashierId":"671e9e60b1418c7fd2eeb8cf","ticketId":"4237283344","betType":"single","playerId":"2","roundId":"17500016602644638","deviceId":"684b55eff20ab3001efa6071","selections":[],"createdAt":"2025-06-15T15:35:01.629Z","id":"684ee8252277eb000fd950fe"}}, 441.9452 
 PlaceBet, Response Time: 0.2000122, Response: {"status":"ok","data":{"freebet":false,"winnings":0,"potentialWinnings":0,"roundHasEnded":false,"payout":false,"cancelled":false,"stake":2000,"gameType":"aviatax","cashierId":"671e9e60b1418c7fd2eeb8cf","ticketId":"2539582587","betType":"single","playerId":"3","roundId":"17500016602644638","deviceId":"684b55eff20ab3001efa6071","selections":[],"createdAt":"2025-06-15T15:35:01.906Z","id":"684ee825100b700011013578"}}, 442.2285 
 PlaceBet, Response Time: 0.2166443, Response: {"status":"ok","data":{"freebet":false,"winnings":0,"potentialWinnings":0,"roundHasEnded":false,"payout":false,"cancelled":false,"stake":200,"gameType":"aviatax","cashierId":"671e9e60b1418c7fd2eeb8cf","ticketId":"1131203128","betType":"single","playerId":"4","roundId":"17500016602644638","deviceId":"684b55eff20ab3001efa6071","selections":[],"createdAt":"2025-06-15T15:35:02.417Z","id":"684ee826b48c53000f6583a4"}}, 442.7451 
 Cashout, Response Time: 0.1999817, Response: {"status":"ok","data":{"wallet":6796.136878601021,"playLevel":200,"bonus":0,"freebet":false,"deviceId":"684b55eff20ab3001efa6071","cashierId":"671e9e60b1418c7fd2eeb8cf","playerId":2,"superAgentId":"6708d877f86545dd1d64ae0f","createdAt":"2025-06-12T22:36:11.709Z","id":"684b565bb84283001eb2f607"}}, 445.7618 
 Cashout, Response Time: 0.1999817, Response: {"status":"ok","data":{"wallet":13906.345833972984,"playLevel":200,"bonus":550,"freebet":false,"deviceId":"684b55eff20ab3001efa6071","cashierId":"671e9e60b1418c7fd2eeb8cf","playerId":4,"superAgentId":"6708d877f86545dd1d64ae0f","createdAt":"2025-06-12T22:36:13.499Z","id":"684b565d95dd5c0010284e41"}}, 446.5451 
 Cashout, Response Time: 0.1999817, Response: {"status":"ok","data":{"wallet":2590.7810041236908,"playLevel":200,"bonus":220,"freebet":false,"deviceId":"684b55eff20ab3001efa6071","cashierId":"671e9e60b1418c7fd2eeb8cf","playerId":6,"superAgentId":"6708d877f86545dd1d64ae0f","createdAt":"2025-06-12T23:30:27.989Z","id":"684b631395d4370025954bb2"}}, 447.1118 
 Cashout, Response Time: 0.1999817, Response: {"status":"ok","data":{"wallet":10294.438,"playLevel":100,"bonus":550,"freebet":false,"deviceId":"684b55eff20ab3001efa6071","cashierId":"671e9e60b1418c7fd2eeb8cf","playerId":1,"superAgentId":"6708d877f86545dd1d64ae0f","createdAt":"2025-06-12T22:36:11.225Z","id":"684b565bb84283001eb2f601"}}, 448.6117 
 Cashout, Response Time: 0.1999817, Response: {"status":"ok","data":{"wallet":6454.033,"playLevel":200,"bonus":385,"freebet":false,"deviceId":"684b55eff20ab3001efa6071","cashierId":"671e9e60b1418c7fd2eeb8cf","playerId":8,"superAgentId":"6708d877f86545dd1d64ae0f","createdAt":"2025-06-14T18:59:47.269Z","id":"684dc6a3d4760e0022946e80"}}, 453.545 
 Cashout, Response Time: 0.2000122, Response: {"status":"ok","data":{"wallet":19743.14,"playLevel":200,"bonus":550,"freebet":true,"deviceId":"684b55eff20ab3001efa6071","cashierId":"671e9e60b1418c7fd2eeb8cf","playerId":5,"superAgentId":"6708d877f86545dd1d64ae0f","createdAt":"2025-06-12T22:44:57.115Z","id":"684b58692b2345000ebc9e62"}}, 462.4782 
 Cashout, Response Time: 0.2000122, Response: {"status":"ok","data":{"wallet":97345.00308431621,"playLevel":2000,"bonus":4950,"freebet":false,"deviceId":"684b55eff20ab3001efa6071","cashierId":"671e9e60b1418c7fd2eeb8cf","playerId":3,"superAgentId":"6708d877f86545dd1d64ae0f","createdAt":"2025-06-12T22:36:12.323Z","id":"684b565c7295ed0011e61527"}}, 468.1448 

 drop-jackpot, {"playerId":3,"jackpotAmount":1000,"jackpotType":"Silver"}, 480.4279 
 DropJackpot Successfull, Jackpot sent to Player: 3, 480.4279 
 drop-jackpot, {"playerId":1,"jackpotAmount":1000,"jackpotType":"Bronze"}, 480.7946 
 DropJackpot Successfull, Jackpot sent to Player: 1, 480.8112 
 PlaceBet, Response Time: 0.1999817, Response: {"status":"ok","data":{"freebet":false,"winnings":0,"potentialWinnings":0,"roundHasEnded":false,"payout":false,"cancelled":false,"stake":2000,"gameType":"aviatax","cashierId":"671e9e60b1418c7fd2eeb8cf","ticketId":"8276222985","betType":"single","playerId":"3","roundId":"17500016705986122","deviceId":"684b55eff20ab3001efa6071","selections":[],"createdAt":"2025-06-15T15:35:43.365Z","id":"684ee84f7059350010ec2691"}}, 483.6779 
 PlaceBet, Response Time: 0.3999939, Response: {"status":"ok","data":{"freebet":false,"winnings":0,"potentialWinnings":0,"roundHasEnded":false,"payout":false,"cancelled":false,"stake":200,"gameType":"aviatax","cashierId":"671e9e60b1418c7fd2eeb8cf","ticketId":"5930243294","betType":"single","playerId":"4","roundId":"17500016705986122","deviceId":"684b55eff20ab3001efa6071","selections":[],"createdAt":"2025-06-15T15:35:43.564Z","id":"684ee84fcc590f001b525fb3"}}, 483.8779 
 PlaceBet, Response Time: 0.2166443, Response: {"status":"ok","data":{"freebet":false,"winnings":0,"potentialWinnings":0,"roundHasEnded":false,"payout":false,"cancelled":false,"stake":200,"gameType":"aviatax","cashierId":"671e9e60b1418c7fd2eeb8cf","ticketId":"9611890797","betType":"single","playerId":"8","roundId":"17500016705986122","deviceId":"684b55eff20ab3001efa6071","selections":[],"createdAt":"2025-06-15T15:35:43.939Z","id":"684ee84fa10c8e00207fc535"}}, 484.2612 
 PlaceBet, Response Time: 0.2167053, Response: {"status":"ok","data":{"freebet":true,"winnings":0,"potentialWinnings":0,"roundHasEnded":false,"payout":false,"cancelled":false,"stake":30.1,"gameType":"aviatax","cashierId":"671e9e60b1418c7fd2eeb8cf","ticketId":"1006134929","betType":"single","playerId":"5","roundId":"17500016705986122","deviceId":"684b55eff20ab3001efa6071","selections":[],"createdAt":"2025-06-15T15:35:44.225Z","id":"684ee85075bf000019915a91"}}, 484.5445 
 PlaceBet, Response Time: 0.2166443, Response: {"status":"ok","data":{"freebet":false,"winnings":0,"potentialWinnings":0,"roundHasEnded":false,"payout":false,"cancelled":false,"stake":100,"gameType":"aviatax","cashierId":"671e9e60b1418c7fd2eeb8cf","ticketId":"4616063642","betType":"single","playerId":"1","roundId":"17500016705986122","deviceId":"684b55eff20ab3001efa6071","selections":[],"createdAt":"2025-06-15T15:35:44.817Z","id":"684ee85016a9560010db7157"}}, 485.1445 
 PlaceBet, Response Time: 0.25, Response: {"status":"ok","data":{"freebet":false,"winnings":0,"potentialWinnings":0,"roundHasEnded":false,"payout":false,"cancelled":false,"stake":200,"gameType":"aviatax","cashierId":"671e9e60b1418c7fd2eeb8cf","ticketId":"7978609198","betType":"single","playerId":"2","roundId":"17500016705986122","deviceId":"684b55eff20ab3001efa6071","selections":[],"createdAt":"2025-06-15T15:35:44.947Z","id":"684ee850100b700011013598"}}, 485.2612 
 PlaceBet, Response Time: 0.2833557, Response: {"status":"ok","data":{"freebet":false,"winnings":0,"potentialWinnings":0,"roundHasEnded":false,"payout":false,"cancelled":false,"stake":200,"gameType":"aviatax","cashierId":"671e9e60b1418c7fd2eeb8cf","ticketId":"3229564874","betType":"single","playerId":"6","roundId":"17500016705986122","deviceId":"684b55eff20ab3001efa6071","selections":[],"createdAt":"2025-06-15T15:35:45.143Z","id":"684ee851a445b30010712052"}}, 485.4612 
 PlaceBet, Response Time: 0.1833191, Response: {"status":"error"}, 486.0111 
 PlaceBet Status Not OK, response: {"status":"error"}, 486.0111 
 Cashout, Response Time: 0.2000122, Response: {"status":"ok","data":{"wallet":14026.345833972984,"playLevel":200,"bonus":550,"freebet":false,"deviceId":"684b55eff20ab3001efa6071","cashierId":"671e9e60b1418c7fd2eeb8cf","playerId":4,"superAgentId":"6708d877f86545dd1d64ae0f","createdAt":"2025-06-12T22:36:13.499Z","id":"684b565d95dd5c0010284e41"}}, 492.761 

