Event, Details, Time(s)
 Start, 27/11/2025 22:39:07, 0.03560937 
 Auth, Sent: {"deviceId":"6559896c3b3e45105ff4dc13fe3ee9d9200d2fe3"} -- Received: {"registered":false,"device":"6559896c3b3e45105ff4dc13fe3ee9d9200d2fe3","token":464541,"name":"6559896c3b3e45105ff4dc13fe3ee9d9200d2fe3","id":"6928d30c54a9220013815b81"}, 0.775839 
 Connected, Connected to socket, 3.150839 
 Join room, {"deviceId":"6928d30c54a9220013815b81","agentId":""}, 3.150839 
 Reauth, , 211.0089 
 Auth, Sent: {"deviceId":"6559896c3b3e45105ff4dc13fe3ee9d9200d2fe3"} -- Received: {"registered":true,"device":"6559896c3b3e45105ff4dc13fe3ee9d9200d2fe3","token":464541,"name":"6559896c3b3e45105ff4dc13fe3ee9d9200d2fe3","agentId":"68868e44c3017a000fc064ab","cashierId":"68868e9f0d922000111f2c1a","currency":"₦","superAgentId":"68868e44c3017a000fc064ab","id":"6928d30c54a9220013815b81","setBonus":10}, 211.712 
 Join room, {"deviceId":"6928d30c54a9220013815b81","agentId":"68868e44c3017a000fc064ab"}, 211.712 

 CreatePlayer, Response Time: 0.296875, Response: {"status":"ok","data":{"wallet":0,"bonus":0,"playLevel":20,"freebet":false,"deviceId":"6928d30c54a9220013815b81","cashierId":"68868e9f0d922000111f2c1a","playerId":1,"superAgentId":"68868e44c3017a000fc064ab","id":"6928d4ae7ff8e6000e465da3"}}, 410.9075 

 Start, 27/11/2025 22:47:49, 0.03560937 
 Auth, Sent: {"deviceId":"6559896c3b3e45105ff4dc13fe3ee9d9200d2fe3"} -- Received: {"registered":true,"device":"6559896c3b3e45105ff4dc13fe3ee9d9200d2fe3","token":464541,"name":"6559896c3b3e45105ff4dc13fe3ee9d9200d2fe3","agentId":"68868e44c3017a000fc064ab","cashierId":"68868e9f0d922000111f2c1a","currency":"₦","superAgentId":"68868e44c3017a000fc064ab","id":"6928d30c54a9220013815b81","setBonus":10}, 0.5284838 
 Connected, Connected to socket, 2.794109 
 Join room, {"deviceId":"6928d30c54a9220013815b81","agentId":"68868e44c3017a000fc064ab"}, 2.794109 

 Start, 27/11/2025 22:49:38, 0.03560937 
 Auth, Sent: {"deviceId":"6559896c3b3e45105ff4dc13fe3ee9d9200d2fe3"} -- Received: {"registered":true,"device":"6559896c3b3e45105ff4dc13fe3ee9d9200d2fe3","token":464541,"name":"6559896c3b3e45105ff4dc13fe3ee9d9200d2fe3","agentId":"68868e44c3017a000fc064ab","cashierId":"68868e9f0d922000111f2c1a","currency":"₦","superAgentId":"68868e44c3017a000fc064ab","id":"6928d30c54a9220013815b81","setBonus":10}, 0.5856315 
 Connected, Connected to socket, 2.757475 
 Join room, {"deviceId":"6928d30c54a9220013815b81","agentId":"68868e44c3017a000fc064ab"}, 2.757475 

 CreatePlayer, Response Time: 0.28125, Response: {"status":"ok","data":{"wallet":0,"bonus":0,"playLevel":20,"freebet":false,"deviceId":"6928d30c54a9220013815b81","cashierId":"68868e9f0d922000111f2c1a","playerId":2,"superAgentId":"68868e44c3017a000fc064ab","id":"6928d5a0378ed700237ddc54"}}, 29.60126 
 CreatePlayer, Response Time: 0.3125, Response: {"status":"ok","data":{"wallet":0,"bonus":0,"playLevel":20,"freebet":false,"deviceId":"6928d30c54a9220013815b81","cashierId":"68868e9f0d922000111f2c1a","playerId":3,"superAgentId":"68868e44c3017a000fc064ab","id":"6928d5a154a9220013815b89"}}, 30.88251 
 CreatePlayer, Response Time: 0.203125, Response: {"status":"ok","data":{"wallet":0,"bonus":0,"playLevel":20,"freebet":false,"deviceId":"6928d30c54a9220013815b81","cashierId":"68868e9f0d922000111f2c1a","playerId":4,"superAgentId":"68868e44c3017a000fc064ab","id":"6928d5a21beed60010205353"}}, 32.19501 
 CreatePlayer, Response Time: 0.28125, Response: {"status":"ok","data":{"wallet":0,"bonus":0,"playLevel":20,"freebet":false,"deviceId":"6928d30c54a9220013815b81","cashierId":"68868e9f0d922000111f2c1a","playerId":5,"superAgentId":"68868e44c3017a000fc064ab","id":"6928d5a38633de0025131687"}}, 32.60126 

 Start, 27/11/2025 22:52:03, 0.03560937 
 Auth, Sent: {"deviceId":"6559896c3b3e45105ff4dc13fe3ee9d9200d2fe3"} -- Received: {"registered":true,"device":"6559896c3b3e45105ff4dc13fe3ee9d9200d2fe3","token":464541,"name":"6559896c3b3e45105ff4dc13fe3ee9d9200d2fe3","agentId":"68868e44c3017a000fc064ab","cashierId":"68868e9f0d922000111f2c1a","currency":"₦","superAgentId":"68868e44c3017a000fc064ab","id":"6928d30c54a9220013815b81","setBonus":10}, 0.5265997 
 Connected, Connected to socket, 2.792225 
 Join room, {"deviceId":"6928d30c54a9220013815b81","agentId":"68868e44c3017a000fc064ab"}, 2.792225 

 fund-player, {"playerId":"6928d4ae7ff8e6000e465da3","amount":50000}, 64.31248 
 fund-player, {"playerId":"6928d5a0378ed700237ddc54","amount":50000}, 68.99998 

 fund-player, {"playerId":"6928d5a154a9220013815b89","amount":2500}, 72.65623 
 PlaceBet Request Sent: , {"stake":20,"roundId":"17642839679059313","deviceId":"6928d30c54a9220013815b81","cashierId":"68868e9f0d922000111f2c1a","playerId":"2","gameType":"aviatax"}, 76.2656 
 PlaceBet Response Received: , Response Time: 0.21875, Response: {"status":"ok","data":{"freebet":false,"winnings":0,"potentialWinnings":0,"roundHasEnded":false,"payout":false,"cancelled":false,"stake":20,"gameType":"aviatax","cashierId":"68868e9f0d922000111f2c1a","ticketId":"8544722264","betType":"single","playerId":"2","roundId":"17642839679059313","deviceId":"6928d30c54a9220013815b81","selections":[],"createdAt":"2025-11-27T22:53:19.910Z","id":"6928d65f379d46001e864d44"}}, 76.48435 
 PlaceBet Request Sent: , {"stake":20,"roundId":"17642839679059313","deviceId":"6928d30c54a9220013815b81","cashierId":"68868e9f0d922000111f2c1a","playerId":"3","gameType":"aviatax"}, 77.35935 
 PlaceBet Response Received: , Response Time: 0.203125, Response: {"status":"ok","data":{"freebet":false,"winnings":0,"potentialWinnings":0,"roundHasEnded":false,"payout":false,"cancelled":false,"stake":20,"gameType":"aviatax","cashierId":"68868e9f0d922000111f2c1a","ticketId":"6258073937","betType":"single","playerId":"3","roundId":"17642839679059313","deviceId":"6928d30c54a9220013815b81","selections":[],"createdAt":"2025-11-27T22:53:20.977Z","id":"6928d660f513010012e09f97"}}, 77.56248 
 PlaceBet Request Sent: , {"stake":20,"roundId":"17642839679059313","deviceId":"6928d30c54a9220013815b81","cashierId":"68868e9f0d922000111f2c1a","playerId":"1","gameType":"aviatax"}, 78.40623 
 PlaceBet Response Received: , Response Time: 0.203125, Response: {"status":"ok","data":{"freebet":false,"winnings":0,"potentialWinnings":0,"roundHasEnded":false,"payout":false,"cancelled":false,"stake":20,"gameType":"aviatax","cashierId":"68868e9f0d922000111f2c1a","ticketId":"7531820563","betType":"single","playerId":"1","roundId":"17642839679059313","deviceId":"6928d30c54a9220013815b81","selections":[],"createdAt":"2025-11-27T22:53:22.019Z","id":"6928d662953187000f5a9dc5"}}, 78.60935 
 fund-player, {"playerId":"6928d5a21beed60010205353","amount":5450}, 80.65623 
 Cashout request sent: , {"deviceId":"6928d30c54a9220013815b81","ticketId":"6928d662953187000f5a9dc5","odd":1.159999966621399}, 81.53123 
 Cashout Response Received: , Response Time: 0.21875, Response: {"status":"ok","data":{"wallet":50003.2,"type":"regular","status":"active","playLevel":20,"bonus":500,"freebet":false,"deviceId":"6928d30c54a9220013815b81","cashierId":"68868e9f0d922000111f2c1a","playerId":1,"superAgentId":"68868e44c3017a000fc064ab","createdAt":"2025-11-27T22:46:06.991Z","id":"6928d4ae7ff8e6000e465da3"}}, 81.74998 

 fund-player, {"playerId":"6928d5a38633de0025131687","amount":4500}, 84.90623 
 PlaceBet Request Sent: , {"stake":20,"roundId":"17642839773306737","deviceId":"6928d30c54a9220013815b81","cashierId":"68868e9f0d922000111f2c1a","playerId":"1","gameType":"aviatax"}, 86.68748 
 PlaceBet Request Sent: , {"stake":20,"roundId":"17642839773306737","deviceId":"6928d30c54a9220013815b81","cashierId":"68868e9f0d922000111f2c1a","playerId":"2","gameType":"aviatax"}, 86.71873 
 PlaceBet Request Sent: , {"stake":20,"roundId":"17642839773306737","deviceId":"6928d30c54a9220013815b81","cashierId":"68868e9f0d922000111f2c1a","playerId":"4","gameType":"aviatax"}, 86.85935 
 PlaceBet Response Received: , Response Time: 0.203125, Response: {"status":"ok","data":{"freebet":false,"winnings":0,"potentialWinnings":0,"roundHasEnded":false,"payout":false,"cancelled":false,"stake":20,"gameType":"aviatax","cashierId":"68868e9f0d922000111f2c1a","ticketId":"9676177344","betType":"single","playerId":"1","roundId":"17642839773306737","deviceId":"6928d30c54a9220013815b81","selections":[],"createdAt":"2025-11-27T22:53:30.324Z","id":"6928d66a6036f3000d220f13"}}, 86.8906 
 PlaceBet Response Received: , Response Time: 0.28125, Response: {"status":"ok","data":{"freebet":false,"winnings":0,"potentialWinnings":0,"roundHasEnded":false,"payout":false,"cancelled":false,"stake":20,"gameType":"aviatax","cashierId":"68868e9f0d922000111f2c1a","ticketId":"2519984984","betType":"single","playerId":"2","roundId":"17642839773306737","deviceId":"6928d30c54a9220013815b81","selections":[],"createdAt":"2025-11-27T22:53:30.416Z","id":"6928d66a5a0930001083ceb9"}}, 86.99998 
 PlaceBet Response Received: , Response Time: 0.25, Response: {"status":"ok","data":{"freebet":false,"winnings":0,"potentialWinnings":0,"roundHasEnded":false,"payout":false,"cancelled":false,"stake":20,"gameType":"aviatax","cashierId":"68868e9f0d922000111f2c1a","ticketId":"7901595883","betType":"single","playerId":"4","roundId":"17642839773306737","deviceId":"6928d30c54a9220013815b81","selections":[],"createdAt":"2025-11-27T22:53:30.528Z","id":"6928d66ac723a2001ca1a3ba"}}, 87.10935 
 PlaceBet Request Sent: , {"stake":20,"roundId":"17642839773306737","deviceId":"6928d30c54a9220013815b81","cashierId":"68868e9f0d922000111f2c1a","playerId":"5","gameType":"aviatax"}, 88.8281 
 PlaceBet Response Received: , Response Time: 0.203125, Response: {"status":"ok","data":{"freebet":false,"winnings":0,"potentialWinnings":0,"roundHasEnded":false,"payout":false,"cancelled":false,"stake":20,"gameType":"aviatax","cashierId":"68868e9f0d922000111f2c1a","ticketId":"1483972349","betType":"single","playerId":"5","roundId":"17642839773306737","deviceId":"6928d30c54a9220013815b81","selections":[],"createdAt":"2025-11-27T22:53:32.458Z","id":"6928d66c379d46001e864d5f"}}, 89.03123 
 PlaceBet Request Sent: , {"stake":20,"roundId":"17642839773306737","deviceId":"6928d30c54a9220013815b81","cashierId":"68868e9f0d922000111f2c1a","playerId":"3","gameType":"aviatax"}, 89.15623 
 PlaceBet Response Received: , Response Time: 0.203125, Response: {"status":"ok","data":{"freebet":false,"winnings":0,"potentialWinnings":0,"roundHasEnded":false,"payout":false,"cancelled":false,"stake":20,"gameType":"aviatax","cashierId":"68868e9f0d922000111f2c1a","ticketId":"8027947930","betType":"single","playerId":"3","roundId":"17642839773306737","deviceId":"6928d30c54a9220013815b81","selections":[],"createdAt":"2025-11-27T22:53:32.770Z","id":"6928d66c40537900138a29c1"}}, 89.35935 

 PlaceBet Request Sent: , {"stake":20,"roundId":"17642839975855206","deviceId":"6928d30c54a9220013815b81","cashierId":"68868e9f0d922000111f2c1a","playerId":"3","gameType":"aviatax"}, 95.62498 
 PlaceBet Response Received: , Response Time: 0.203125, Response: {"status":"ok","data":{"freebet":false,"winnings":0,"potentialWinnings":0,"roundHasEnded":false,"payout":false,"cancelled":false,"stake":20,"gameType":"aviatax","cashierId":"68868e9f0d922000111f2c1a","ticketId":"1805441065","betType":"single","playerId":"3","roundId":"17642839975855206","deviceId":"6928d30c54a9220013815b81","selections":[],"createdAt":"2025-11-27T22:53:39.232Z","id":"6928d673e44e8b00103010ae"}}, 95.8281 
 PlaceBet Request Sent: , {"stake":20,"roundId":"17642839975855206","deviceId":"6928d30c54a9220013815b81","cashierId":"68868e9f0d922000111f2c1a","playerId":"1","gameType":"aviatax"}, 95.96873 
 PlaceBet Response Received: , Response Time: 0.21875, Response: {"status":"ok","data":{"freebet":false,"winnings":0,"potentialWinnings":0,"roundHasEnded":false,"payout":false,"cancelled":false,"stake":20,"gameType":"aviatax","cashierId":"68868e9f0d922000111f2c1a","ticketId":"1614218363","betType":"single","playerId":"1","roundId":"17642839975855206","deviceId":"6928d30c54a9220013815b81","selections":[],"createdAt":"2025-11-27T22:53:39.606Z","id":"6928d673e44e8b00103010c8"}}, 96.18748 
 PlaceBet Request Sent: , {"stake":20,"roundId":"17642839975855206","deviceId":"6928d30c54a9220013815b81","cashierId":"68868e9f0d922000111f2c1a","playerId":"5","gameType":"aviatax"}, 97.09373 
 PlaceBet Request Sent: , {"stake":20,"roundId":"17642839975855206","deviceId":"6928d30c54a9220013815b81","cashierId":"68868e9f0d922000111f2c1a","playerId":"2","gameType":"aviatax"}, 97.2031 
 PlaceBet Response Received: , Response Time: 0.203125, Response: {"status":"ok","data":{"freebet":false,"winnings":0,"potentialWinnings":0,"roundHasEnded":false,"payout":false,"cancelled":false,"stake":20,"gameType":"aviatax","cashierId":"68868e9f0d922000111f2c1a","ticketId":"6797387251","betType":"single","playerId":"5","roundId":"17642839975855206","deviceId":"6928d30c54a9220013815b81","selections":[],"createdAt":"2025-11-27T22:53:40.709Z","id":"6928d6744cb00900153d5271"}}, 97.29685 
 PlaceBet Request Sent: , {"stake":20,"roundId":"17642839975855206","deviceId":"6928d30c54a9220013815b81","cashierId":"68868e9f0d922000111f2c1a","playerId":"4","gameType":"aviatax"}, 97.3281 
 PlaceBet Response Received: , Response Time: 0.234375, Response: {"status":"ok","data":{"freebet":false,"winnings":0,"potentialWinnings":0,"roundHasEnded":false,"payout":false,"cancelled":false,"stake":20,"gameType":"aviatax","cashierId":"68868e9f0d922000111f2c1a","ticketId":"9982029070","betType":"single","playerId":"2","roundId":"17642839975855206","deviceId":"6928d30c54a9220013815b81","selections":[],"createdAt":"2025-11-27T22:53:40.846Z","id":"6928d6743f3ace00176e0a90"}}, 97.43748 
 PlaceBet Response Received: , Response Time: 0.3125, Response: {"status":"ok","data":{"freebet":false,"winnings":0,"potentialWinnings":0,"roundHasEnded":false,"payout":false,"cancelled":false,"stake":20,"gameType":"aviatax","cashierId":"68868e9f0d922000111f2c1a","ticketId":"7150901182","betType":"single","playerId":"4","roundId":"17642839975855206","deviceId":"6928d30c54a9220013815b81","selections":[],"createdAt":"2025-11-27T22:53:41.048Z","id":"6928d67535ac0600124e6a83"}}, 97.6406 

 PlaceBet Request Sent: , {"stake":20,"roundId":"17642840086219847","deviceId":"6928d30c54a9220013815b81","cashierId":"68868e9f0d922000111f2c1a","playerId":"4","gameType":"aviatax"}, 105.0156 
 PlaceBet Request Sent: , {"stake":20,"roundId":"17642840086219847","deviceId":"6928d30c54a9220013815b81","cashierId":"68868e9f0d922000111f2c1a","playerId":"2","gameType":"aviatax"}, 105.0469 
 PlaceBet Response Received: , Response Time: 0.21875, Response: {"status":"ok","data":{"freebet":false,"winnings":0,"potentialWinnings":0,"roundHasEnded":false,"payout":false,"cancelled":false,"stake":20,"gameType":"aviatax","cashierId":"68868e9f0d922000111f2c1a","ticketId":"6507592122","betType":"single","playerId":"4","roundId":"17642840086219847","deviceId":"6928d30c54a9220013815b81","selections":[],"createdAt":"2025-11-27T22:53:48.655Z","id":"6928d67c6ec1e6000e06e37b"}}, 105.2344 
 PlaceBet Response Received: , Response Time: 0.21875, Response: {"status":"ok","data":{"freebet":false,"winnings":0,"potentialWinnings":0,"roundHasEnded":false,"payout":false,"cancelled":false,"stake":20,"gameType":"aviatax","cashierId":"68868e9f0d922000111f2c1a","ticketId":"3733117807","betType":"single","playerId":"2","roundId":"17642840086219847","deviceId":"6928d30c54a9220013815b81","selections":[],"createdAt":"2025-11-27T22:53:48.678Z","id":"6928d67cb73fc5000f95e8fc"}}, 105.2656 
 PlaceBet Request Sent: , {"stake":20,"roundId":"17642840086219847","deviceId":"6928d30c54a9220013815b81","cashierId":"68868e9f0d922000111f2c1a","playerId":"1","gameType":"aviatax"}, 105.5 
 PlaceBet Response Received: , Response Time: 0.203125, Response: {"status":"ok","data":{"freebet":false,"winnings":0,"potentialWinnings":0,"roundHasEnded":false,"payout":false,"cancelled":false,"stake":20,"gameType":"aviatax","cashierId":"68868e9f0d922000111f2c1a","ticketId":"5633541771","betType":"single","playerId":"1","roundId":"17642840086219847","deviceId":"6928d30c54a9220013815b81","selections":[],"createdAt":"2025-11-27T22:53:49.129Z","id":"6928d67d2828b90023fbef9a"}}, 105.7031 
 PlaceBet Request Sent: , {"stake":20,"roundId":"17642840086219847","deviceId":"6928d30c54a9220013815b81","cashierId":"68868e9f0d922000111f2c1a","playerId":"3","gameType":"aviatax"}, 107.7812 
 PlaceBet Response Received: , Response Time: 0.203125, Response: {"status":"ok","data":{"freebet":false,"winnings":0,"potentialWinnings":0,"roundHasEnded":false,"payout":false,"cancelled":false,"stake":20,"gameType":"aviatax","cashierId":"68868e9f0d922000111f2c1a","ticketId":"5412367088","betType":"single","playerId":"3","roundId":"17642840086219847","deviceId":"6928d30c54a9220013815b81","selections":[],"createdAt":"2025-11-27T22:53:51.414Z","id":"6928d67fac12d3000f7f74d0"}}, 107.9844 

 PlaceBet Request Sent: , {"stake":20,"roundId":"17642840180558605","deviceId":"6928d30c54a9220013815b81","cashierId":"68868e9f0d922000111f2c1a","playerId":"1","gameType":"aviatax"}, 130.1406 
 PlaceBet Response Received: , Response Time: 0.203125, Response: {"status":"ok","data":{"freebet":false,"winnings":0,"potentialWinnings":0,"roundHasEnded":false,"payout":false,"cancelled":false,"stake":20,"gameType":"aviatax","cashierId":"68868e9f0d922000111f2c1a","ticketId":"3917363530","betType":"single","playerId":"1","roundId":"17642840180558605","deviceId":"6928d30c54a9220013815b81","selections":[],"createdAt":"2025-11-27T22:54:13.779Z","id":"6928d6958d9f740011b60a09"}}, 130.3437 
 PlaceBet Request Sent: , {"stake":20,"roundId":"17642840180558605","deviceId":"6928d30c54a9220013815b81","cashierId":"68868e9f0d922000111f2c1a","playerId":"5","gameType":"aviatax"}, 130.7344 
 PlaceBet Response Received: , Response Time: 0.21875, Response: {"status":"ok","data":{"freebet":false,"winnings":0,"potentialWinnings":0,"roundHasEnded":false,"payout":false,"cancelled":false,"stake":20,"gameType":"aviatax","cashierId":"68868e9f0d922000111f2c1a","ticketId":"3165143914","betType":"single","playerId":"5","roundId":"17642840180558605","deviceId":"6928d30c54a9220013815b81","selections":[],"createdAt":"2025-11-27T22:54:14.367Z","id":"6928d696cb1d1f000ff39e03"}}, 130.9531 
 PlaceBet Request Sent: , {"stake":20,"roundId":"17642840180558605","deviceId":"6928d30c54a9220013815b81","cashierId":"68868e9f0d922000111f2c1a","playerId":"2","gameType":"aviatax"}, 131.6094 
 PlaceBet Request Sent: , {"stake":20,"roundId":"17642840180558605","deviceId":"6928d30c54a9220013815b81","cashierId":"68868e9f0d922000111f2c1a","playerId":"4","gameType":"aviatax"}, 131.7344 
 PlaceBet Response Received: , Response Time: 0.203125, Response: {"status":"ok","data":{"freebet":false,"winnings":0,"potentialWinnings":0,"roundHasEnded":false,"payout":false,"cancelled":false,"stake":20,"gameType":"aviatax","cashierId":"68868e9f0d922000111f2c1a","ticketId":"8918794473","betType":"single","playerId":"2","roundId":"17642840180558605","deviceId":"6928d30c54a9220013815b81","selections":[],"createdAt":"2025-11-27T22:54:15.237Z","id":"6928d69783a77d00148467ce"}}, 131.8125 
 PlaceBet Response Received: , Response Time: 0.1875, Response: {"status":"ok","data":{"freebet":false,"winnings":0,"potentialWinnings":0,"roundHasEnded":false,"payout":false,"cancelled":false,"stake":20,"gameType":"aviatax","cashierId":"68868e9f0d922000111f2c1a","ticketId":"4039936396","betType":"single","playerId":"4","roundId":"17642840180558605","deviceId":"6928d30c54a9220013815b81","selections":[],"createdAt":"2025-11-27T22:54:15.360Z","id":"6928d6973be5fa000e72df67"}}, 131.9219 

 PlaceBet Request Sent: , {"stake":20,"roundId":"17642840274916101","deviceId":"6928d30c54a9220013815b81","cashierId":"68868e9f0d922000111f2c1a","playerId":"1","gameType":"aviatax"}, 140.7187 
 PlaceBet Request Sent: , {"stake":20,"roundId":"17642840274916101","deviceId":"6928d30c54a9220013815b81","cashierId":"68868e9f0d922000111f2c1a","playerId":"2","gameType":"aviatax"}, 140.9219 
 PlaceBet Response Received: , Response Time: 0.203125, Response: {"status":"ok","data":{"freebet":false,"winnings":0,"potentialWinnings":0,"roundHasEnded":false,"payout":false,"cancelled":false,"stake":20,"gameType":"aviatax","cashierId":"68868e9f0d922000111f2c1a","ticketId":"9924637240","betType":"single","playerId":"1","roundId":"17642840274916101","deviceId":"6928d30c54a9220013815b81","selections":[],"createdAt":"2025-11-27T22:54:24.348Z","id":"6928d6a08be4370013c199d1"}}, 140.9219 
 PlaceBet Response Received: , Response Time: 0.2187195, Response: {"status":"ok","data":{"freebet":false,"winnings":0,"potentialWinnings":0,"roundHasEnded":false,"payout":false,"cancelled":false,"stake":20,"gameType":"aviatax","cashierId":"68868e9f0d922000111f2c1a","ticketId":"1417608809","betType":"single","playerId":"2","roundId":"17642840274916101","deviceId":"6928d30c54a9220013815b81","selections":[],"createdAt":"2025-11-27T22:54:24.551Z","id":"6928d6a0c2113d000d9c15cf"}}, 141.1406 
 PlaceBet Request Sent: , {"stake":20,"roundId":"17642840274916101","deviceId":"6928d30c54a9220013815b81","cashierId":"68868e9f0d922000111f2c1a","playerId":"5","gameType":"aviatax"}, 141.5781 
 PlaceBet Response Received: , Response Time: 0.203125, Response: {"status":"ok","data":{"freebet":false,"winnings":0,"potentialWinnings":0,"roundHasEnded":false,"payout":false,"cancelled":false,"stake":20,"gameType":"aviatax","cashierId":"68868e9f0d922000111f2c1a","ticketId":"9048552815","betType":"single","playerId":"5","roundId":"17642840274916101","deviceId":"6928d30c54a9220013815b81","selections":[],"createdAt":"2025-11-27T22:54:25.202Z","id":"6928d6a17fe9910010ba0d75"}}, 141.7812 
 PlaceBet Request Sent: , {"stake":20,"roundId":"17642840274916101","deviceId":"6928d30c54a9220013815b81","cashierId":"68868e9f0d922000111f2c1a","playerId":"3","gameType":"aviatax"}, 143.0469 
 PlaceBet Request Sent: , {"stake":20,"roundId":"17642840274916101","deviceId":"6928d30c54a9220013815b81","cashierId":"68868e9f0d922000111f2c1a","playerId":"4","gameType":"aviatax"}, 143.125 
 PlaceBet Response Received: , Response Time: 0.21875, Response: {"status":"ok","data":{"freebet":false,"winnings":0,"potentialWinnings":0,"roundHasEnded":false,"payout":false,"cancelled":false,"stake":20,"gameType":"aviatax","cashierId":"68868e9f0d922000111f2c1a","ticketId":"6604419051","betType":"single","playerId":"3","roundId":"17642840274916101","deviceId":"6928d30c54a9220013815b81","selections":[],"createdAt":"2025-11-27T22:54:26.663Z","id":"6928d6a2ad0afb00112b3289"}}, 143.2656 
 PlaceBet Response Received: , Response Time: 0.25, Response: {"status":"ok","data":{"freebet":false,"winnings":0,"potentialWinnings":0,"roundHasEnded":false,"payout":false,"cancelled":false,"stake":20,"gameType":"aviatax","cashierId":"68868e9f0d922000111f2c1a","ticketId":"2503509343","betType":"single","playerId":"4","roundId":"17642840274916101","deviceId":"6928d30c54a9220013815b81","selections":[],"createdAt":"2025-11-27T22:54:26.782Z","id":"6928d6a2b215cd001e19d602"}}, 143.375 
 Cashout request sent: , {"deviceId":"6928d30c54a9220013815b81","ticketId":"6928d6a2b215cd001e19d602","odd":1.8600000143051148}, 150.125 
 Cashout Response Received: , Response Time: 0.2187653, Response: {"status":"ok","data":{"wallet":5387.2,"type":"regular","status":"active","playLevel":20,"bonus":54.5,"freebet":false,"deviceId":"6928d30c54a9220013815b81","cashierId":"68868e9f0d922000111f2c1a","playerId":4,"superAgentId":"68868e44c3017a000fc064ab","createdAt":"2025-11-27T22:50:10.777Z","id":"6928d5a21beed60010205353"}}, 150.3437 
 Cashout request sent: , {"deviceId":"6928d30c54a9220013815b81","ticketId":"6928d6a08be4370013c199d1","odd":2.990000009536743}, 153.8594 
 Cashout Response Received: , Response Time: 0.21875, Response: {"status":"ok","data":{"wallet":49963,"type":"regular","status":"active","playLevel":20,"bonus":500,"freebet":false,"deviceId":"6928d30c54a9220013815b81","cashierId":"68868e9f0d922000111f2c1a","playerId":1,"superAgentId":"68868e44c3017a000fc064ab","createdAt":"2025-11-27T22:46:06.991Z","id":"6928d4ae7ff8e6000e465da3"}}, 154.0781 

 PlaceBet Request Sent: , {"stake":20,"roundId":"1764284050756691","deviceId":"6928d30c54a9220013815b81","cashierId":"68868e9f0d922000111f2c1a","playerId":"5","gameType":"aviatax"}, 162.9062 
 PlaceBet Response Received: , Response Time: 0.21875, Response: {"status":"ok","data":{"freebet":false,"winnings":0,"potentialWinnings":0,"roundHasEnded":false,"payout":false,"cancelled":false,"stake":20,"gameType":"aviatax","cashierId":"68868e9f0d922000111f2c1a","ticketId":"6160018777","betType":"single","playerId":"5","roundId":"1764284050756691","deviceId":"6928d30c54a9220013815b81","selections":[],"createdAt":"2025-11-27T22:54:46.540Z","id":"6928d6b6a26bd5001516305e"}}, 163.125 
 PlaceBet Request Sent: , {"stake":20,"roundId":"1764284050756691","deviceId":"6928d30c54a9220013815b81","cashierId":"68868e9f0d922000111f2c1a","playerId":"3","gameType":"aviatax"}, 164.7031 
 PlaceBet Response Received: , Response Time: 0.234375, Response: {"status":"ok","data":{"freebet":false,"winnings":0,"potentialWinnings":0,"roundHasEnded":false,"payout":false,"cancelled":false,"stake":20,"gameType":"aviatax","cashierId":"68868e9f0d922000111f2c1a","ticketId":"4203952218","betType":"single","playerId":"3","roundId":"1764284050756691","deviceId":"6928d30c54a9220013815b81","selections":[],"createdAt":"2025-11-27T22:54:48.337Z","id":"6928d6b835ac0600124e6a9d"}}, 164.9375 
 PlaceBet Request Sent: , {"stake":20,"roundId":"1764284050756691","deviceId":"6928d30c54a9220013815b81","cashierId":"68868e9f0d922000111f2c1a","playerId":"1","gameType":"aviatax"}, 165.4844 
 PlaceBet Response Received: , Response Time: 0.171875, Response: {"status":"ok","data":{"freebet":false,"winnings":0,"potentialWinnings":0,"roundHasEnded":false,"payout":false,"cancelled":false,"stake":20,"gameType":"aviatax","cashierId":"68868e9f0d922000111f2c1a","ticketId":"5797705805","betType":"single","playerId":"1","roundId":"1764284050756691","deviceId":"6928d30c54a9220013815b81","selections":[],"createdAt":"2025-11-27T22:54:49.111Z","id":"6928d6b9121c70001032c8b5"}}, 165.6562 
 PlaceBet Request Sent: , {"stake":20,"roundId":"1764284050756691","deviceId":"6928d30c54a9220013815b81","cashierId":"68868e9f0d922000111f2c1a","playerId":"2","gameType":"aviatax"}, 165.7812 
 PlaceBet Request Sent: , {"stake":20,"roundId":"1764284050756691","deviceId":"6928d30c54a9220013815b81","cashierId":"68868e9f0d922000111f2c1a","playerId":"4","gameType":"aviatax"}, 166 
 PlaceBet Response Received: , Response Time: 0.21875, Response: {"status":"ok","data":{"freebet":false,"winnings":0,"potentialWinnings":0,"roundHasEnded":false,"payout":false,"cancelled":false,"stake":20,"gameType":"aviatax","cashierId":"68868e9f0d922000111f2c1a","ticketId":"8817163021","betType":"single","playerId":"2","roundId":"1764284050756691","deviceId":"6928d30c54a9220013815b81","selections":[],"createdAt":"2025-11-27T22:54:49.422Z","id":"6928d6b93f3ace00176e0aad"}}, 166 
 PlaceBet Response Received: , Response Time: 0.234375, Response: {"status":"ok","data":{"freebet":false,"winnings":0,"potentialWinnings":0,"roundHasEnded":false,"payout":false,"cancelled":false,"stake":20,"gameType":"aviatax","cashierId":"68868e9f0d922000111f2c1a","ticketId":"4255753811","betType":"single","playerId":"4","roundId":"1764284050756691","deviceId":"6928d30c54a9220013815b81","selections":[],"createdAt":"2025-11-27T22:54:49.638Z","id":"6928d6b9e44e8b00103010e3"}}, 166.2344 

 PlaceBet Request Sent: , {"stake":20,"roundId":"17642840624141785","deviceId":"6928d30c54a9220013815b81","cashierId":"68868e9f0d922000111f2c1a","playerId":"2","gameType":"aviatax"}, 172.1875 
 PlaceBet Response Received: , Response Time: 0.21875, Response: {"status":"ok","data":{"freebet":false,"winnings":0,"potentialWinnings":0,"roundHasEnded":false,"payout":false,"cancelled":false,"stake":20,"gameType":"aviatax","cashierId":"68868e9f0d922000111f2c1a","ticketId":"7279519307","betType":"single","playerId":"2","roundId":"17642840624141785","deviceId":"6928d30c54a9220013815b81","selections":[],"createdAt":"2025-11-27T22:54:55.825Z","id":"6928d6bf953187000f5a9ddf"}}, 172.4062 
 PlaceBet Request Sent: , {"stake":20,"roundId":"17642840624141785","deviceId":"6928d30c54a9220013815b81","cashierId":"68868e9f0d922000111f2c1a","playerId":"5","gameType":"aviatax"}, 172.8437 
 PlaceBet Response Received: , Response Time: 0.203125, Response: {"status":"ok","data":{"freebet":false,"winnings":0,"potentialWinnings":0,"roundHasEnded":false,"payout":false,"cancelled":false,"stake":20,"gameType":"aviatax","cashierId":"68868e9f0d922000111f2c1a","ticketId":"1855147565","betType":"single","playerId":"5","roundId":"17642840624141785","deviceId":"6928d30c54a9220013815b81","selections":[],"createdAt":"2025-11-27T22:54:56.477Z","id":"6928d6c06c9528002319b03e"}}, 173.0469 
 PlaceBet Request Sent: , {"stake":20,"roundId":"17642840624141785","deviceId":"6928d30c54a9220013815b81","cashierId":"68868e9f0d922000111f2c1a","playerId":"4","gameType":"aviatax"}, 174.8906 
 PlaceBet Response Received: , Response Time: 0.265625, Response: {"status":"ok","data":{"freebet":false,"winnings":0,"potentialWinnings":0,"roundHasEnded":false,"payout":false,"cancelled":false,"stake":20,"gameType":"aviatax","cashierId":"68868e9f0d922000111f2c1a","ticketId":"1115328324","betType":"single","playerId":"4","roundId":"17642840624141785","deviceId":"6928d30c54a9220013815b81","selections":[],"createdAt":"2025-11-27T22:54:58.566Z","id":"6928d6c25fd5d00012678093"}}, 175.1562 
 PlaceBet Request Sent: , {"stake":20,"roundId":"17642840624141785","deviceId":"6928d30c54a9220013815b81","cashierId":"68868e9f0d922000111f2c1a","playerId":"1","gameType":"aviatax"}, 175.2187 
 PlaceBet Request Sent: , {"stake":20,"roundId":"17642840624141785","deviceId":"6928d30c54a9220013815b81","cashierId":"68868e9f0d922000111f2c1a","playerId":"3","gameType":"aviatax"}, 175.4375 
 PlaceBet Response Received: , Response Time: 0.21875, Response: {"status":"ok","data":{"freebet":false,"winnings":0,"potentialWinnings":0,"roundHasEnded":false,"payout":false,"cancelled":false,"stake":20,"gameType":"aviatax","cashierId":"68868e9f0d922000111f2c1a","ticketId":"8421263307","betType":"single","playerId":"1","roundId":"17642840624141785","deviceId":"6928d30c54a9220013815b81","selections":[],"createdAt":"2025-11-27T22:54:58.860Z","id":"6928d6c2778eba000fe4720f"}}, 175.4375 
 PlaceBet Response Received: , Response Time: 0.21875, Response: {"status":"ok","data":{"freebet":false,"winnings":0,"potentialWinnings":0,"roundHasEnded":false,"payout":false,"cancelled":false,"stake":20,"gameType":"aviatax","cashierId":"68868e9f0d922000111f2c1a","ticketId":"6740143905","betType":"single","playerId":"3","roundId":"17642840624141785","deviceId":"6928d30c54a9220013815b81","selections":[],"createdAt":"2025-11-27T22:54:59.070Z","id":"6928d6c3f77fa5000d2453a2"}}, 175.6562 

 PlaceBet Request Sent: , {"stake":20,"roundId":"17642840850333584","deviceId":"6928d30c54a9220013815b81","cashierId":"68868e9f0d922000111f2c1a","playerId":"1","gameType":"aviatax"}, 182.6094 
 PlaceBet Request Sent: , {"stake":20,"roundId":"17642840850333584","deviceId":"6928d30c54a9220013815b81","cashierId":"68868e9f0d922000111f2c1a","playerId":"2","gameType":"aviatax"}, 182.6406 
 PlaceBet Request Sent: , {"stake":20,"roundId":"17642840850333584","deviceId":"6928d30c54a9220013815b81","cashierId":"68868e9f0d922000111f2c1a","playerId":"3","gameType":"aviatax"}, 182.6406 
 PlaceBet Response Received: , Response Time: 0.203125, Response: {"status":"ok","data":{"freebet":false,"winnings":0,"potentialWinnings":0,"roundHasEnded":false,"payout":false,"cancelled":false,"stake":20,"gameType":"aviatax","cashierId":"68868e9f0d922000111f2c1a","ticketId":"4424590994","betType":"single","playerId":"1","roundId":"17642840850333584","deviceId":"6928d30c54a9220013815b81","selections":[],"createdAt":"2025-11-27T22:55:06.243Z","id":"6928d6ca78c660001ab22058"}}, 182.8125 
 PlaceBet Request Sent: , {"stake":20,"roundId":"17642840850333584","deviceId":"6928d30c54a9220013815b81","cashierId":"68868e9f0d922000111f2c1a","playerId":"5","gameType":"aviatax"}, 182.9219 
 PlaceBet Response Received: , Response Time: 0.3125, Response: {"status":"ok","data":{"freebet":false,"winnings":0,"potentialWinnings":0,"roundHasEnded":false,"payout":false,"cancelled":false,"stake":20,"gameType":"aviatax","cashierId":"68868e9f0d922000111f2c1a","ticketId":"6599058995","betType":"single","playerId":"2","roundId":"17642840850333584","deviceId":"6928d30c54a9220013815b81","selections":[],"createdAt":"2025-11-27T22:55:06.364Z","id":"6928d6ca2603b30011387d3b"}}, 182.9531 
 PlaceBet Response Received: , Response Time: 0.3125, Response: {"status":"ok","data":{"freebet":false,"winnings":0,"potentialWinnings":0,"roundHasEnded":false,"payout":false,"cancelled":false,"stake":20,"gameType":"aviatax","cashierId":"68868e9f0d922000111f2c1a","ticketId":"3383057742","betType":"single","playerId":"3","roundId":"17642840850333584","deviceId":"6928d30c54a9220013815b81","selections":[],"createdAt":"2025-11-27T22:55:06.364Z","id":"6928d6ca691a7b001f001f02"}}, 182.9531 
 PlaceBet Response Received: , Response Time: 0.234375, Response: {"status":"ok","data":{"freebet":false,"winnings":0,"potentialWinnings":0,"roundHasEnded":false,"payout":false,"cancelled":false,"stake":20,"gameType":"aviatax","cashierId":"68868e9f0d922000111f2c1a","ticketId":"9114675891","betType":"single","playerId":"5","roundId":"17642840850333584","deviceId":"6928d30c54a9220013815b81","selections":[],"createdAt":"2025-11-27T22:55:06.563Z","id":"6928d6ca6036f3000d220f2d"}}, 183.1562 
 PlaceBet Request Sent: , {"stake":20,"roundId":"17642840850333584","deviceId":"6928d30c54a9220013815b81","cashierId":"68868e9f0d922000111f2c1a","playerId":"4","gameType":"aviatax"}, 183.6406 
 PlaceBet Response Received: , Response Time: 0.21875, Response: {"status":"ok","data":{"freebet":false,"winnings":0,"potentialWinnings":0,"roundHasEnded":false,"payout":false,"cancelled":false,"stake":20,"gameType":"aviatax","cashierId":"68868e9f0d922000111f2c1a","ticketId":"9785236007","betType":"single","playerId":"4","roundId":"17642840850333584","deviceId":"6928d30c54a9220013815b81","selections":[],"createdAt":"2025-11-27T22:55:07.282Z","id":"6928d6cb379d46001e864d79"}}, 183.8594 
 Cashout request sent: , {"deviceId":"6928d30c54a9220013815b81","ticketId":"6928d6ca2603b30011387d3b","odd":1.600000023841858}, 190.3125 
 Cashout Response Received: , Response Time: 0.21875, Response: {"status":"ok","data":{"wallet":49852,"type":"regular","status":"active","playLevel":20,"bonus":500,"freebet":false,"deviceId":"6928d30c54a9220013815b81","cashierId":"68868e9f0d922000111f2c1a","playerId":2,"superAgentId":"68868e44c3017a000fc064ab","createdAt":"2025-11-27T22:50:08.171Z","id":"6928d5a0378ed700237ddc54"}}, 190.5312 
 Cashout request sent: , {"deviceId":"6928d30c54a9220013815b81","ticketId":"6928d6cb379d46001e864d79","odd":5.699999809265137}, 200.4375 
 Cashout Response Received: , Response Time: 0.21875, Response: {"status":"ok","data":{"wallet":5441.2,"type":"regular","status":"active","playLevel":20,"bonus":54.5,"freebet":false,"deviceId":"6928d30c54a9220013815b81","cashierId":"68868e9f0d922000111f2c1a","playerId":4,"superAgentId":"68868e44c3017a000fc064ab","createdAt":"2025-11-27T22:50:10.777Z","id":"6928d5a21beed60010205353"}}, 200.6562 
 Cashout request sent: , {"deviceId":"6928d30c54a9220013815b81","ticketId":"6928d6ca6036f3000d220f2d","odd":8.489999771118164}, 203.7187 
 Cashout Response Received: , Response Time: 0.203125, Response: {"status":"ok","data":{"wallet":4529.8,"type":"regular","status":"active","playLevel":20,"bonus":45,"freebet":false,"deviceId":"6928d30c54a9220013815b81","cashierId":"68868e9f0d922000111f2c1a","playerId":5,"superAgentId":"68868e44c3017a000fc064ab","createdAt":"2025-11-27T22:50:11.183Z","id":"6928d5a38633de0025131687"}}, 203.9219 
 Cashout request sent: , {"deviceId":"6928d30c54a9220013815b81","ticketId":"6928d6ca78c660001ab22058","odd":8.930000305175782}, 204.1562 
 Cashout Response Received: , Response Time: 0.21875, Response: {"status":"ok","data":{"wallet":50081.6,"type":"regular","status":"active","playLevel":20,"bonus":500,"freebet":false,"deviceId":"6928d30c54a9220013815b81","cashierId":"68868e9f0d922000111f2c1a","playerId":1,"superAgentId":"68868e44c3017a000fc064ab","createdAt":"2025-11-27T22:46:06.991Z","id":"6928d4ae7ff8e6000e465da3"}}, 204.375 
 Cashout request sent: , {"deviceId":"6928d30c54a9220013815b81","ticketId":"6928d6ca691a7b001f001f02","odd":28.739999771118165}, 213.625 
 Cashout Response Received: , Response Time: 0.21875, Response: {"status":"ok","data":{"wallet":2914.8,"type":"regular","status":"active","playLevel":20,"bonus":25,"freebet":false,"deviceId":"6928d30c54a9220013815b81","cashierId":"68868e9f0d922000111f2c1a","playerId":3,"superAgentId":"68868e44c3017a000fc064ab","createdAt":"2025-11-27T22:50:09.448Z","id":"6928d5a154a9220013815b89"}}, 213.8437 

 PlaceBet Request Sent: , {"stake":20,"roundId":"176428409444532","deviceId":"6928d30c54a9220013815b81","cashierId":"68868e9f0d922000111f2c1a","playerId":"5","gameType":"aviatax"}, 222.2969 
 PlaceBet Response Received: , Response Time: 0.1875, Response: {"status":"ok","data":{"freebet":false,"winnings":0,"potentialWinnings":0,"roundHasEnded":false,"payout":false,"cancelled":false,"stake":20,"gameType":"aviatax","cashierId":"68868e9f0d922000111f2c1a","ticketId":"2772662879","betType":"single","playerId":"5","roundId":"176428409444532","deviceId":"6928d30c54a9220013815b81","selections":[],"createdAt":"2025-11-27T22:55:45.925Z","id":"6928d6f18be4370013c199eb"}}, 222.4844 
 PlaceBet Request Sent: , {"stake":20,"roundId":"176428409444532","deviceId":"6928d30c54a9220013815b81","cashierId":"68868e9f0d922000111f2c1a","playerId":"2","gameType":"aviatax"}, 222.9687 
 PlaceBet Request Sent: , {"stake":20,"roundId":"176428409444532","deviceId":"6928d30c54a9220013815b81","cashierId":"68868e9f0d922000111f2c1a","playerId":"4","gameType":"aviatax"}, 223.125 
 PlaceBet Response Received: , Response Time: 0.21875, Response: {"status":"ok","data":{"freebet":false,"winnings":0,"potentialWinnings":0,"roundHasEnded":false,"payout":false,"cancelled":false,"stake":20,"gameType":"aviatax","cashierId":"68868e9f0d922000111f2c1a","ticketId":"6304887017","betType":"single","playerId":"2","roundId":"176428409444532","deviceId":"6928d30c54a9220013815b81","selections":[],"createdAt":"2025-11-27T22:55:46.605Z","id":"6928d6f23f3ace00176e0ac7"}}, 223.1875 
 PlaceBet Response Received: , Response Time: 0.265625, Response: {"status":"ok","data":{"freebet":false,"winnings":0,"potentialWinnings":0,"roundHasEnded":false,"payout":false,"cancelled":false,"stake":20,"gameType":"aviatax","cashierId":"68868e9f0d922000111f2c1a","ticketId":"3072319679","betType":"single","playerId":"4","roundId":"176428409444532","deviceId":"6928d30c54a9220013815b81","selections":[],"createdAt":"2025-11-27T22:55:46.801Z","id":"6928d6f26c9528002319b058"}}, 223.3906 
 PlaceBet Request Sent: , {"stake":20,"roundId":"176428409444532","deviceId":"6928d30c54a9220013815b81","cashierId":"68868e9f0d922000111f2c1a","playerId":"3","gameType":"aviatax"}, 224.1562 
 PlaceBet Response Received: , Response Time: 0.21875, Response: {"status":"ok","data":{"freebet":false,"winnings":0,"potentialWinnings":0,"roundHasEnded":false,"payout":false,"cancelled":false,"stake":20,"gameType":"aviatax","cashierId":"68868e9f0d922000111f2c1a","ticketId":"6337740688","betType":"single","playerId":"3","roundId":"176428409444532","deviceId":"6928d30c54a9220013815b81","selections":[],"createdAt":"2025-11-27T22:55:47.800Z","id":"6928d6f33be5fa000e72df88"}}, 224.375 
 PlaceBet Request Sent: , {"stake":20,"roundId":"176428409444532","deviceId":"6928d30c54a9220013815b81","cashierId":"68868e9f0d922000111f2c1a","playerId":"1","gameType":"aviatax"}, 224.5937 
 PlaceBet Response Received: , Response Time: 0.21875, Response: {"status":"ok","data":{"freebet":false,"winnings":0,"potentialWinnings":0,"roundHasEnded":false,"payout":false,"cancelled":false,"stake":20,"gameType":"aviatax","cashierId":"68868e9f0d922000111f2c1a","ticketId":"5024971002","betType":"single","playerId":"1","roundId":"176428409444532","deviceId":"6928d30c54a9220013815b81","selections":[],"createdAt":"2025-11-27T22:55:48.223Z","id":"6928d6f442209a000f7fce09"}}, 224.8125 

 PlaceBet Request Sent: , {"stake":20,"roundId":"17642841038578305","deviceId":"6928d30c54a9220013815b81","cashierId":"68868e9f0d922000111f2c1a","playerId":"5","gameType":"aviatax"}, 234.0781 
 PlaceBet Request Sent: , {"stake":20,"roundId":"17642841038578305","deviceId":"6928d30c54a9220013815b81","cashierId":"68868e9f0d922000111f2c1a","playerId":"1","gameType":"aviatax"}, 234.2656 
 PlaceBet Response Received: , Response Time: 0.2500305, Response: {"status":"ok","data":{"freebet":false,"winnings":0,"potentialWinnings":0,"roundHasEnded":false,"payout":false,"cancelled":false,"stake":20,"gameType":"aviatax","cashierId":"68868e9f0d922000111f2c1a","ticketId":"9566138105","betType":"single","playerId":"5","roundId":"17642841038578305","deviceId":"6928d30c54a9220013815b81","selections":[],"createdAt":"2025-11-27T22:55:57.745Z","id":"6928d6fdcb1d1f000ff39e1d"}}, 234.3281 
 PlaceBet Request Sent: , {"stake":20,"roundId":"17642841038578305","deviceId":"6928d30c54a9220013815b81","cashierId":"68868e9f0d922000111f2c1a","playerId":"4","gameType":"aviatax"}, 234.375 
 PlaceBet Response Received: , Response Time: 0.21875, Response: {"status":"ok","data":{"freebet":false,"winnings":0,"potentialWinnings":0,"roundHasEnded":false,"payout":false,"cancelled":false,"stake":20,"gameType":"aviatax","cashierId":"68868e9f0d922000111f2c1a","ticketId":"5288550135","betType":"single","playerId":"1","roundId":"17642841038578305","deviceId":"6928d30c54a9220013815b81","selections":[],"createdAt":"2025-11-27T22:55:57.909Z","id":"6928d6fd30696e00126306ef"}}, 234.4844 
 PlaceBet Response Received: , Response Time: 0.3125, Response: {"status":"ok","data":{"freebet":false,"winnings":0,"potentialWinnings":0,"roundHasEnded":false,"payout":false,"cancelled":false,"stake":20,"gameType":"aviatax","cashierId":"68868e9f0d922000111f2c1a","ticketId":"4383576183","betType":"single","playerId":"4","roundId":"17642841038578305","deviceId":"6928d30c54a9220013815b81","selections":[],"createdAt":"2025-11-27T22:55:58.110Z","id":"6928d6fee82478001412ff6e"}}, 234.6875 
 PlaceBet Request Sent: , {"stake":20,"roundId":"17642841038578305","deviceId":"6928d30c54a9220013815b81","cashierId":"68868e9f0d922000111f2c1a","playerId":"3","gameType":"aviatax"}, 234.9844 
 PlaceBet Response Received: , Response Time: 0.21875, Response: {"status":"ok","data":{"freebet":false,"winnings":0,"potentialWinnings":0,"roundHasEnded":false,"payout":false,"cancelled":false,"stake":20,"gameType":"aviatax","cashierId":"68868e9f0d922000111f2c1a","ticketId":"3489809797","betType":"single","playerId":"3","roundId":"17642841038578305","deviceId":"6928d30c54a9220013815b81","selections":[],"createdAt":"2025-11-27T22:55:58.629Z","id":"6928d6fefab72f000e75aa8a"}}, 235.2031 
 Cashout request sent: , {"deviceId":"6928d30c54a9220013815b81","ticketId":"6928d6fefab72f000e75aa8a","odd":1.350000023841858}, 240.8906 
 Cashout request sent: , {"deviceId":"6928d30c54a9220013815b81","ticketId":"6928d6fdcb1d1f000ff39e1d","odd":1.3799999952316285}, 241.0937 
 Cashout Response Received: , Response Time: 0.21875, Response: {"status":"ok","data":{"wallet":2901.8,"type":"regular","status":"active","playLevel":20,"bonus":25,"freebet":false,"deviceId":"6928d30c54a9220013815b81","cashierId":"68868e9f0d922000111f2c1a","playerId":3,"superAgentId":"68868e44c3017a000fc064ab","createdAt":"2025-11-27T22:50:09.448Z","id":"6928d5a154a9220013815b89"}}, 241.1094 
 Cashout Response Received: , Response Time: 0.203125, Response: {"status":"ok","data":{"wallet":4517.400000000001,"type":"regular","status":"active","playLevel":20,"bonus":45,"freebet":false,"deviceId":"6928d30c54a9220013815b81","cashierId":"68868e9f0d922000111f2c1a","playerId":5,"superAgentId":"68868e44c3017a000fc064ab","createdAt":"2025-11-27T22:50:11.183Z","id":"6928d5a38633de0025131687"}}, 241.2969 

 PlaceBet Request Sent: , {"stake":20,"roundId":"17642841443236938","deviceId":"6928d30c54a9220013815b81","cashierId":"68868e9f0d922000111f2c1a","playerId":"1","gameType":"aviatax"}, 248.25 
 PlaceBet Response Received: , Response Time: 0.21875, Response: {"status":"ok","data":{"freebet":false,"winnings":0,"potentialWinnings":0,"roundHasEnded":false,"payout":false,"cancelled":false,"stake":20,"gameType":"aviatax","cashierId":"68868e9f0d922000111f2c1a","ticketId":"8242257027","betType":"single","playerId":"1","roundId":"17642841443236938","deviceId":"6928d30c54a9220013815b81","selections":[],"createdAt":"2025-11-27T22:56:11.884Z","id":"6928d70ba2d66b001141a94e"}}, 248.4687 
 PlaceBet Request Sent: , {"stake":20,"roundId":"17642841443236938","deviceId":"6928d30c54a9220013815b81","cashierId":"68868e9f0d922000111f2c1a","playerId":"5","gameType":"aviatax"}, 248.5 
 PlaceBet Request Sent: , {"stake":20,"roundId":"17642841443236938","deviceId":"6928d30c54a9220013815b81","cashierId":"68868e9f0d922000111f2c1a","playerId":"3","gameType":"aviatax"}, 248.5156 
 PlaceBet Response Received: , Response Time: 0.21875, Response: {"status":"ok","data":{"freebet":false,"winnings":0,"potentialWinnings":0,"roundHasEnded":false,"payout":false,"cancelled":false,"stake":20,"gameType":"aviatax","cashierId":"68868e9f0d922000111f2c1a","ticketId":"5009206686","betType":"single","playerId":"5","roundId":"17642841443236938","deviceId":"6928d30c54a9220013815b81","selections":[],"createdAt":"2025-11-27T22:56:12.120Z","id":"6928d70c5e465e001cac4f0c"}}, 248.7187 
 PlaceBet Response Received: , Response Time: 0.2812347, Response: {"status":"ok","data":{"freebet":false,"winnings":0,"potentialWinnings":0,"roundHasEnded":false,"payout":false,"cancelled":false,"stake":20,"gameType":"aviatax","cashierId":"68868e9f0d922000111f2c1a","ticketId":"8417334120","betType":"single","playerId":"3","roundId":"17642841443236938","deviceId":"6928d30c54a9220013815b81","selections":[],"createdAt":"2025-11-27T22:56:12.223Z","id":"6928d70c3be5fa000e72dfa3"}}, 248.7968 
 PlaceBet Request Sent: , {"stake":20,"roundId":"17642841443236938","deviceId":"6928d30c54a9220013815b81","cashierId":"68868e9f0d922000111f2c1a","playerId":"4","gameType":"aviatax"}, 251.1719 
 PlaceBet Request Sent: , {"stake":20,"roundId":"17642841443236938","deviceId":"6928d30c54a9220013815b81","cashierId":"68868e9f0d922000111f2c1a","playerId":"2","gameType":"aviatax"}, 251.1875 
 PlaceBet Response Received: , Response Time: 0.203125, Response: {"status":"ok","data":{"freebet":false,"winnings":0,"potentialWinnings":0,"roundHasEnded":false,"payout":false,"cancelled":false,"stake":20,"gameType":"aviatax","cashierId":"68868e9f0d922000111f2c1a","ticketId":"3828879416","betType":"single","playerId":"4","roundId":"17642841443236938","deviceId":"6928d30c54a9220013815b81","selections":[],"createdAt":"2025-11-27T22:56:14.793Z","id":"6928d70e953187000f5a9df9"}}, 251.375 
 PlaceBet Response Received: , Response Time: 0.21875, Response: {"status":"ok","data":{"freebet":false,"winnings":0,"potentialWinnings":0,"roundHasEnded":false,"payout":false,"cancelled":false,"stake":20,"gameType":"aviatax","cashierId":"68868e9f0d922000111f2c1a","ticketId":"6962687725","betType":"single","playerId":"2","roundId":"17642841443236938","deviceId":"6928d30c54a9220013815b81","selections":[],"createdAt":"2025-11-27T22:56:14.831Z","id":"6928d70e83df740010e9587e"}}, 251.4062 
 Cashout request sent: , {"deviceId":"6928d30c54a9220013815b81","ticketId":"6928d70e953187000f5a9df9","odd":1.4199999570846558}, 256.4218 
 Cashout Response Received: , Response Time: 0.1875, Response: {"status":"ok","data":{"wallet":5409.599999999999,"type":"regular","status":"active","playLevel":20,"bonus":54.5,"freebet":false,"deviceId":"6928d30c54a9220013815b81","cashierId":"68868e9f0d922000111f2c1a","playerId":4,"superAgentId":"68868e44c3017a000fc064ab","createdAt":"2025-11-27T22:50:10.777Z","id":"6928d5a21beed60010205353"}}, 256.6093 
 Cashout request sent: , {"deviceId":"6928d30c54a9220013815b81","ticketId":"6928d70c3be5fa000e72dfa3","odd":2.059999942779541}, 259.2812 
 Cashout Response Received: , Response Time: 0.234375, Response: {"status":"ok","data":{"wallet":2923,"type":"regular","status":"active","playLevel":20,"bonus":25,"freebet":false,"deviceId":"6928d30c54a9220013815b81","cashierId":"68868e9f0d922000111f2c1a","playerId":3,"superAgentId":"68868e44c3017a000fc064ab","createdAt":"2025-11-27T22:50:09.448Z","id":"6928d5a154a9220013815b89"}}, 259.5156 

 PlaceBet Request Sent: , {"stake":20,"roundId":"17642841557646705","deviceId":"6928d30c54a9220013815b81","cashierId":"68868e9f0d922000111f2c1a","playerId":"3","gameType":"aviatax"}, 266.0781 
 PlaceBet Response Received: , Response Time: 0.203125, Response: {"status":"ok","data":{"freebet":false,"winnings":0,"potentialWinnings":0,"roundHasEnded":false,"payout":false,"cancelled":false,"stake":20,"gameType":"aviatax","cashierId":"68868e9f0d922000111f2c1a","ticketId":"4847106498","betType":"single","playerId":"3","roundId":"17642841557646705","deviceId":"6928d30c54a9220013815b81","selections":[],"createdAt":"2025-11-27T22:56:29.718Z","id":"6928d71dbabd8f0013076c26"}}, 266.2812 
 PlaceBet Request Sent: , {"stake":20,"roundId":"17642841557646705","deviceId":"6928d30c54a9220013815b81","cashierId":"68868e9f0d922000111f2c1a","playerId":"1","gameType":"aviatax"}, 266.7031 
 PlaceBet Response Received: , Response Time: 0.203125, Response: {"status":"ok","data":{"freebet":false,"winnings":0,"potentialWinnings":0,"roundHasEnded":false,"payout":false,"cancelled":false,"stake":20,"gameType":"aviatax","cashierId":"68868e9f0d922000111f2c1a","ticketId":"9099965363","betType":"single","playerId":"1","roundId":"17642841557646705","deviceId":"6928d30c54a9220013815b81","selections":[],"createdAt":"2025-11-27T22:56:30.324Z","id":"6928d71e3f56b200117651e7"}}, 266.9062 
 PlaceBet Request Sent: , {"stake":20,"roundId":"17642841557646705","deviceId":"6928d30c54a9220013815b81","cashierId":"68868e9f0d922000111f2c1a","playerId":"2","gameType":"aviatax"}, 267.8437 
 PlaceBet Response Received: , Response Time: 0.21875, Response: {"status":"ok","data":{"freebet":false,"winnings":0,"potentialWinnings":0,"roundHasEnded":false,"payout":false,"cancelled":false,"stake":20,"gameType":"aviatax","cashierId":"68868e9f0d922000111f2c1a","ticketId":"9416096865","betType":"single","playerId":"2","roundId":"17642841557646705","deviceId":"6928d30c54a9220013815b81","selections":[],"createdAt":"2025-11-27T22:56:31.463Z","id":"6928d71f6ec1e6000e06e39e"}}, 268.0625 
 PlaceBet Request Sent: , {"stake":20,"roundId":"17642841557646705","deviceId":"6928d30c54a9220013815b81","cashierId":"68868e9f0d922000111f2c1a","playerId":"5","gameType":"aviatax"}, 269.0468 
 PlaceBet Request Sent: , {"stake":20,"roundId":"17642841557646705","deviceId":"6928d30c54a9220013815b81","cashierId":"68868e9f0d922000111f2c1a","playerId":"4","gameType":"aviatax"}, 269.1718 
 PlaceBet Response Received: , Response Time: 0.25, Response: {"status":"ok","data":{"freebet":false,"winnings":0,"potentialWinnings":0,"roundHasEnded":false,"payout":false,"cancelled":false,"stake":20,"gameType":"aviatax","cashierId":"68868e9f0d922000111f2c1a","ticketId":"4647168511","betType":"single","playerId":"5","roundId":"17642841557646705","deviceId":"6928d30c54a9220013815b81","selections":[],"createdAt":"2025-11-27T22:56:32.711Z","id":"6928d720691a7b001f001f1c"}}, 269.2968 
 PlaceBet Response Received: , Response Time: 0.296875, Response: {"status":"ok","data":{"freebet":false,"winnings":0,"potentialWinnings":0,"roundHasEnded":false,"payout":false,"cancelled":false,"stake":20,"gameType":"aviatax","cashierId":"68868e9f0d922000111f2c1a","ticketId":"4155100712","betType":"single","playerId":"4","roundId":"17642841557646705","deviceId":"6928d30c54a9220013815b81","selections":[],"createdAt":"2025-11-27T22:56:32.890Z","id":"6928d720778eba000fe47229"}}, 269.4687 

 PlaceBet Request Sent: , {"stake":20,"roundId":"17642841708254636","deviceId":"6928d30c54a9220013815b81","cashierId":"68868e9f0d922000111f2c1a","playerId":"1","gameType":"aviatax"}, 276.625 
 PlaceBet Response Received: , Response Time: 0.203125, Response: {"status":"ok","data":{"freebet":false,"winnings":0,"potentialWinnings":0,"roundHasEnded":false,"payout":false,"cancelled":false,"stake":20,"gameType":"aviatax","cashierId":"68868e9f0d922000111f2c1a","ticketId":"8696577920","betType":"single","playerId":"1","roundId":"17642841708254636","deviceId":"6928d30c54a9220013815b81","selections":[],"createdAt":"2025-11-27T22:56:40.262Z","id":"6928d7282828b90023fbefb5"}}, 276.8281 
 PlaceBet Request Sent: , {"stake":20,"roundId":"17642841708254636","deviceId":"6928d30c54a9220013815b81","cashierId":"68868e9f0d922000111f2c1a","playerId":"5","gameType":"aviatax"}, 277.5468 
 PlaceBet Response Received: , Response Time: 0.203125, Response: {"status":"ok","data":{"freebet":false,"winnings":0,"potentialWinnings":0,"roundHasEnded":false,"payout":false,"cancelled":false,"stake":20,"gameType":"aviatax","cashierId":"68868e9f0d922000111f2c1a","ticketId":"2235738902","betType":"single","playerId":"5","roundId":"17642841708254636","deviceId":"6928d30c54a9220013815b81","selections":[],"createdAt":"2025-11-27T22:56:41.184Z","id":"6928d729c723a2001ca1a3dc"}}, 277.75 
 PlaceBet Request Sent: , {"stake":20,"roundId":"17642841708254636","deviceId":"6928d30c54a9220013815b81","cashierId":"68868e9f0d922000111f2c1a","playerId":"2","gameType":"aviatax"}, 278.7812 
 PlaceBet Request Sent: , {"stake":20,"roundId":"17642841708254636","deviceId":"6928d30c54a9220013815b81","cashierId":"68868e9f0d922000111f2c1a","playerId":"4","gameType":"aviatax"}, 278.8281 
 PlaceBet Request Sent: , {"stake":20,"roundId":"17642841708254636","deviceId":"6928d30c54a9220013815b81","cashierId":"68868e9f0d922000111f2c1a","playerId":"3","gameType":"aviatax"}, 278.9218 
 PlaceBet Response Received: , Response Time: 0.25, Response: {"status":"ok","data":{"freebet":false,"winnings":0,"potentialWinnings":0,"roundHasEnded":false,"payout":false,"cancelled":false,"stake":20,"gameType":"aviatax","cashierId":"68868e9f0d922000111f2c1a","ticketId":"9443061295","betType":"single","playerId":"2","roundId":"17642841708254636","deviceId":"6928d30c54a9220013815b81","selections":[],"createdAt":"2025-11-27T22:56:42.451Z","id":"6928d72aa26bd50015163079"}}, 279.0312 
 PlaceBet Response Received: , Response Time: 0.25, Response: {"status":"ok","data":{"freebet":false,"winnings":0,"potentialWinnings":0,"roundHasEnded":false,"payout":false,"cancelled":false,"stake":20,"gameType":"aviatax","cashierId":"68868e9f0d922000111f2c1a","ticketId":"5353782396","betType":"single","playerId":"4","roundId":"17642841708254636","deviceId":"6928d30c54a9220013815b81","selections":[],"createdAt":"2025-11-27T22:56:42.512Z","id":"6928d72a6036f3000d220f47"}}, 279.0781 
 PlaceBet Response Received: , Response Time: 0.28125, Response: {"status":"ok","data":{"freebet":false,"winnings":0,"potentialWinnings":0,"roundHasEnded":false,"payout":false,"cancelled":false,"stake":20,"gameType":"aviatax","cashierId":"68868e9f0d922000111f2c1a","ticketId":"9082019604","betType":"single","playerId":"3","roundId":"17642841708254636","deviceId":"6928d30c54a9220013815b81","selections":[],"createdAt":"2025-11-27T22:56:42.613Z","id":"6928d72a0ee4ca000db5e498"}}, 279.2031 

 PlaceBet Request Sent: , {"stake":20,"roundId":"17642841884915229","deviceId":"6928d30c54a9220013815b81","cashierId":"68868e9f0d922000111f2c1a","playerId":"4","gameType":"aviatax"}, 285.875 
 PlaceBet Response Received: , Response Time: 0.203125, Response: {"status":"ok","data":{"freebet":false,"winnings":0,"potentialWinnings":0,"roundHasEnded":false,"payout":false,"cancelled":false,"stake":20,"gameType":"aviatax","cashierId":"68868e9f0d922000111f2c1a","ticketId":"4954482075","betType":"single","playerId":"4","roundId":"17642841884915229","deviceId":"6928d30c54a9220013815b81","selections":[],"createdAt":"2025-11-27T22:56:49.500Z","id":"6928d73124d65700107c3399"}}, 286.0781 
 PlaceBet Request Sent: , {"stake":20,"roundId":"17642841884915229","deviceId":"6928d30c54a9220013815b81","cashierId":"68868e9f0d922000111f2c1a","playerId":"5","gameType":"aviatax"}, 287.3906 
 PlaceBet Request Sent: , {"stake":20,"roundId":"17642841884915229","deviceId":"6928d30c54a9220013815b81","cashierId":"68868e9f0d922000111f2c1a","playerId":"3","gameType":"aviatax"}, 287.5156 
 PlaceBet Response Received: , Response Time: 0.1875, Response: {"status":"ok","data":{"freebet":false,"winnings":0,"potentialWinnings":0,"roundHasEnded":false,"payout":false,"cancelled":false,"stake":20,"gameType":"aviatax","cashierId":"68868e9f0d922000111f2c1a","ticketId":"1841358476","betType":"single","playerId":"5","roundId":"17642841884915229","deviceId":"6928d30c54a9220013815b81","selections":[],"createdAt":"2025-11-27T22:56:51.008Z","id":"6928d73324d65700107c33b3"}}, 287.5781 
 PlaceBet Response Received: , Response Time: 0.234375, Response: {"status":"ok","data":{"freebet":false,"winnings":0,"potentialWinnings":0,"roundHasEnded":false,"payout":false,"cancelled":false,"stake":20,"gameType":"aviatax","cashierId":"68868e9f0d922000111f2c1a","ticketId":"1922361528","betType":"single","playerId":"3","roundId":"17642841884915229","deviceId":"6928d30c54a9220013815b81","selections":[],"createdAt":"2025-11-27T22:56:51.161Z","id":"6928d7331896f50012ee6dc1"}}, 287.75 
 PlaceBet Request Sent: , {"stake":20,"roundId":"17642841884915229","deviceId":"6928d30c54a9220013815b81","cashierId":"68868e9f0d922000111f2c1a","playerId":"1","gameType":"aviatax"}, 288.3281 
 PlaceBet Response Received: , Response Time: 0.21875, Response: {"status":"ok","data":{"freebet":false,"winnings":0,"potentialWinnings":0,"roundHasEnded":false,"payout":false,"cancelled":false,"stake":20,"gameType":"aviatax","cashierId":"68868e9f0d922000111f2c1a","ticketId":"6308505103","betType":"single","playerId":"1","roundId":"17642841884915229","deviceId":"6928d30c54a9220013815b81","selections":[],"createdAt":"2025-11-27T22:56:51.972Z","id":"6928d7334624ca002a70b564"}}, 288.5468 

 PlaceBet Request Sent: , {"stake":20,"roundId":"1764284197922690","deviceId":"6928d30c54a9220013815b81","cashierId":"68868e9f0d922000111f2c1a","playerId":"5","gameType":"aviatax"}, 295.9218 
 PlaceBet Response Received: , Response Time: 0.1560974, Response: {"status":"ok","data":{"freebet":false,"winnings":0,"potentialWinnings":0,"roundHasEnded":false,"payout":false,"cancelled":false,"stake":20,"gameType":"aviatax","cashierId":"68868e9f0d922000111f2c1a","ticketId":"3980949424","betType":"single","playerId":"5","roundId":"1764284197922690","deviceId":"6928d30c54a9220013815b81","selections":[],"createdAt":"2025-11-27T22:56:59.573Z","id":"6928d73bf8599d000e77c0c8"}}, 296.0779 
 PlaceBet Request Sent: , {"stake":20,"roundId":"1764284197922690","deviceId":"6928d30c54a9220013815b81","cashierId":"68868e9f0d922000111f2c1a","playerId":"1","gameType":"aviatax"}, 296.8906 
 PlaceBet Request Sent: , {"stake":20,"roundId":"1764284197922690","deviceId":"6928d30c54a9220013815b81","cashierId":"68868e9f0d922000111f2c1a","playerId":"4","gameType":"aviatax"}, 297.0625 
 PlaceBet Response Received: , Response Time: 0.2030945, Response: {"status":"ok","data":{"freebet":false,"winnings":0,"potentialWinnings":0,"roundHasEnded":false,"payout":false,"cancelled":false,"stake":20,"gameType":"aviatax","cashierId":"68868e9f0d922000111f2c1a","ticketId":"9708483980","betType":"single","playerId":"1","roundId":"1764284197922690","deviceId":"6928d30c54a9220013815b81","selections":[],"createdAt":"2025-11-27T22:57:00.509Z","id":"6928d73c778eba000fe47243"}}, 297.0937 
 PlaceBet Request Sent: , {"stake":20,"roundId":"1764284197922690","deviceId":"6928d30c54a9220013815b81","cashierId":"68868e9f0d922000111f2c1a","playerId":"3","gameType":"aviatax"}, 297.2342 
 PlaceBet Response Received: , Response Time: 0.1717224, Response: {"status":"ok","data":{"freebet":false,"winnings":0,"potentialWinnings":0,"roundHasEnded":false,"payout":false,"cancelled":false,"stake":20,"gameType":"aviatax","cashierId":"68868e9f0d922000111f2c1a","ticketId":"7801094222","betType":"single","playerId":"4","roundId":"1764284197922690","deviceId":"6928d30c54a9220013815b81","selections":[],"createdAt":"2025-11-27T22:57:00.708Z","id":"6928d73c88ee4d000e4457d3"}}, 297.2342 
 PlaceBet Response Received: , Response Time: 0.2500916, Response: {"status":"ok","data":{"freebet":false,"winnings":0,"potentialWinnings":0,"roundHasEnded":false,"payout":false,"cancelled":false,"stake":20,"gameType":"aviatax","cashierId":"68868e9f0d922000111f2c1a","ticketId":"1337345401","betType":"single","playerId":"3","roundId":"1764284197922690","deviceId":"6928d30c54a9220013815b81","selections":[],"createdAt":"2025-11-27T22:57:00.908Z","id":"6928d73cad0afb00112b32a3"}}, 297.4843 
 PlaceBet Request Sent: , {"stake":20,"roundId":"1764284197922690","deviceId":"6928d30c54a9220013815b81","cashierId":"68868e9f0d922000111f2c1a","playerId":"2","gameType":"aviatax"}, 297.5467 
 PlaceBet Response Received: , Response Time: 0.2344971, Response: {"status":"ok","data":{"freebet":false,"winnings":0,"potentialWinnings":0,"roundHasEnded":false,"payout":false,"cancelled":false,"stake":20,"gameType":"aviatax","cashierId":"68868e9f0d922000111f2c1a","ticketId":"8499149025","betType":"single","playerId":"2","roundId":"1764284197922690","deviceId":"6928d30c54a9220013815b81","selections":[],"createdAt":"2025-11-27T22:57:01.197Z","id":"6928d73dac12d3000f7f74eb"}}, 297.7812 

 PlaceBet Request Sent: , {"stake":20,"roundId":"176428420735765","deviceId":"6928d30c54a9220013815b81","cashierId":"68868e9f0d922000111f2c1a","playerId":"1","gameType":"aviatax"}, 304.203 
 PlaceBet Response Received: , Response Time: 0.250061, Response: {"status":"ok","data":{"freebet":false,"winnings":0,"potentialWinnings":0,"roundHasEnded":false,"payout":false,"cancelled":false,"stake":20,"gameType":"aviatax","cashierId":"68868e9f0d922000111f2c1a","ticketId":"5465039469","betType":"single","playerId":"1","roundId":"176428420735765","deviceId":"6928d30c54a9220013815b81","selections":[],"createdAt":"2025-11-27T22:57:07.886Z","id":"6928d743c2113d000d9c15f2"}}, 304.4531 
 PlaceBet Request Sent: , {"stake":20,"roundId":"176428420735765","deviceId":"6928d30c54a9220013815b81","cashierId":"68868e9f0d922000111f2c1a","playerId":"3","gameType":"aviatax"}, 304.7968 
 PlaceBet Response Received: , Response Time: 0.2029724, Response: {"status":"ok","data":{"freebet":false,"winnings":0,"potentialWinnings":0,"roundHasEnded":false,"payout":false,"cancelled":false,"stake":20,"gameType":"aviatax","cashierId":"68868e9f0d922000111f2c1a","ticketId":"5690944093","betType":"single","playerId":"3","roundId":"176428420735765","deviceId":"6928d30c54a9220013815b81","selections":[],"createdAt":"2025-11-27T22:57:08.429Z","id":"6928d74424d65700107c33cd"}}, 304.9998 
 PlaceBet Request Sent: , {"stake":20,"roundId":"176428420735765","deviceId":"6928d30c54a9220013815b81","cashierId":"68868e9f0d922000111f2c1a","playerId":"4","gameType":"aviatax"}, 305.9062 
 PlaceBet Response Received: , Response Time: 0.203125, Response: {"status":"ok","data":{"freebet":false,"winnings":0,"potentialWinnings":0,"roundHasEnded":false,"payout":false,"cancelled":false,"stake":20,"gameType":"aviatax","cashierId":"68868e9f0d922000111f2c1a","ticketId":"7782504135","betType":"single","playerId":"4","roundId":"176428420735765","deviceId":"6928d30c54a9220013815b81","selections":[],"createdAt":"2025-11-27T22:57:09.538Z","id":"6928d74540537900138a29db"}}, 306.1093 
 PlaceBet Request Sent: , {"stake":20,"roundId":"176428420735765","deviceId":"6928d30c54a9220013815b81","cashierId":"68868e9f0d922000111f2c1a","playerId":"2","gameType":"aviatax"}, 307.078 
 PlaceBet Response Received: , Response Time: 0.203125, Response: {"status":"ok","data":{"freebet":false,"winnings":0,"potentialWinnings":0,"roundHasEnded":false,"payout":false,"cancelled":false,"stake":20,"gameType":"aviatax","cashierId":"68868e9f0d922000111f2c1a","ticketId":"3909437186","betType":"single","playerId":"2","roundId":"176428420735765","deviceId":"6928d30c54a9220013815b81","selections":[],"createdAt":"2025-11-27T22:57:10.715Z","id":"6928d74642209a000f7fce23"}}, 307.2812 

 PlaceBet Request Sent: , {"stake":20,"roundId":"17642842169974532","deviceId":"6928d30c54a9220013815b81","cashierId":"68868e9f0d922000111f2c1a","playerId":"3","gameType":"aviatax"}, 313.3748 
 PlaceBet Request Sent: , {"stake":20,"roundId":"17642842169974532","deviceId":"6928d30c54a9220013815b81","cashierId":"68868e9f0d922000111f2c1a","playerId":"5","gameType":"aviatax"}, 313.4997 
 PlaceBet Response Received: , Response Time: 0.1873169, Response: {"status":"ok","data":{"freebet":false,"winnings":0,"potentialWinnings":0,"roundHasEnded":false,"payout":false,"cancelled":false,"stake":20,"gameType":"aviatax","cashierId":"68868e9f0d922000111f2c1a","ticketId":"6147223348","betType":"single","playerId":"3","roundId":"17642842169974532","deviceId":"6928d30c54a9220013815b81","selections":[],"createdAt":"2025-11-27T22:57:16.998Z","id":"6928d74ca2d66b001141a968"}}, 313.5621 
 PlaceBet Response Received: , Response Time: 0.2341309, Response: {"status":"ok","data":{"freebet":false,"winnings":0,"potentialWinnings":0,"roundHasEnded":false,"payout":false,"cancelled":false,"stake":20,"gameType":"aviatax","cashierId":"68868e9f0d922000111f2c1a","ticketId":"6696812596","betType":"single","playerId":"5","roundId":"17642842169974532","deviceId":"6928d30c54a9220013815b81","selections":[],"createdAt":"2025-11-27T22:57:17.191Z","id":"6928d74d3f56b20011765201"}}, 313.7338 
 PlaceBet Request Sent: , {"stake":20,"roundId":"17642842169974532","deviceId":"6928d30c54a9220013815b81","cashierId":"68868e9f0d922000111f2c1a","playerId":"2","gameType":"aviatax"}, 313.8119 
 PlaceBet Response Received: , Response Time: 0.2029114, Response: {"status":"ok","data":{"freebet":false,"winnings":0,"potentialWinnings":0,"roundHasEnded":false,"payout":false,"cancelled":false,"stake":20,"gameType":"aviatax","cashierId":"68868e9f0d922000111f2c1a","ticketId":"1333152208","betType":"single","playerId":"2","roundId":"17642842169974532","deviceId":"6928d30c54a9220013815b81","selections":[],"createdAt":"2025-11-27T22:57:17.504Z","id":"6928d74d6ec1e6000e06e3bb"}}, 314.0148 
 PlaceBet Request Sent: , {"stake":20,"roundId":"17642842169974532","deviceId":"6928d30c54a9220013815b81","cashierId":"68868e9f0d922000111f2c1a","playerId":"1","gameType":"aviatax"}, 316.25 
 PlaceBet Response Received: , Response Time: 0.203125, Response: {"status":"ok","data":{"freebet":false,"winnings":0,"potentialWinnings":0,"roundHasEnded":false,"payout":false,"cancelled":false,"stake":20,"gameType":"aviatax","cashierId":"68868e9f0d922000111f2c1a","ticketId":"8141607781","betType":"single","playerId":"1","roundId":"17642842169974532","deviceId":"6928d30c54a9220013815b81","selections":[],"createdAt":"2025-11-27T22:57:19.872Z","id":"6928d74f11d620001bd237a0"}}, 316.4531 
 PlaceBet Request Sent: , {"stake":20,"roundId":"17642842169974532","deviceId":"6928d30c54a9220013815b81","cashierId":"68868e9f0d922000111f2c1a","playerId":"4","gameType":"aviatax"}, 316.7812 
 PlaceBet Response Received: , Response Time: 0.203125, Response: {"status":"ok","data":{"freebet":false,"winnings":0,"potentialWinnings":0,"roundHasEnded":false,"payout":false,"cancelled":false,"stake":20,"gameType":"aviatax","cashierId":"68868e9f0d922000111f2c1a","ticketId":"8114120503","betType":"single","playerId":"4","roundId":"17642842169974532","deviceId":"6928d30c54a9220013815b81","selections":[],"createdAt":"2025-11-27T22:57:20.399Z","id":"6928d7500919aa00139ffad6"}}, 316.9843 
 Cashout request sent: , {"deviceId":"6928d30c54a9220013815b81","ticketId":"6928d74d6ec1e6000e06e3bb","odd":1.350000023841858}, 320.9843 
 Cashout Response Received: , Response Time: 0.28125, Response: {"status":"ok","data":{"wallet":49739,"type":"regular","status":"active","playLevel":20,"bonus":500,"freebet":false,"deviceId":"6928d30c54a9220013815b81","cashierId":"68868e9f0d922000111f2c1a","playerId":2,"superAgentId":"68868e44c3017a000fc064ab","createdAt":"2025-11-27T22:50:08.171Z","id":"6928d5a0378ed700237ddc54"}}, 321.2656 
 Cashout request sent: , {"deviceId":"6928d30c54a9220013815b81","ticketId":"6928d74f11d620001bd237a0","odd":2.009999990463257}, 324.2187 
 Cashout Response Received: , Response Time: 0.34375, Response: {"status":"ok","data":{"wallet":49941.799999999996,"type":"regular","status":"active","playLevel":20,"bonus":500,"freebet":false,"deviceId":"6928d30c54a9220013815b81","cashierId":"68868e9f0d922000111f2c1a","playerId":1,"superAgentId":"68868e44c3017a000fc064ab","createdAt":"2025-11-27T22:46:06.991Z","id":"6928d4ae7ff8e6000e465da3"}}, 324.5625 

 PlaceBet Request Sent: , {"stake":20,"roundId":"17642842264607154","deviceId":"6928d30c54a9220013815b81","cashierId":"68868e9f0d922000111f2c1a","playerId":"2","gameType":"aviatax"}, 334.5312 
 PlaceBet Response Received: , Response Time: 0.203125, Response: {"status":"ok","data":{"freebet":false,"winnings":0,"potentialWinnings":0,"roundHasEnded":false,"payout":false,"cancelled":false,"stake":20,"gameType":"aviatax","cashierId":"68868e9f0d922000111f2c1a","ticketId":"7028093411","betType":"single","playerId":"2","roundId":"17642842264607154","deviceId":"6928d30c54a9220013815b81","selections":[],"createdAt":"2025-11-27T22:57:38.166Z","id":"6928d7621441fb0010f7a00f"}}, 334.7343 
 PlaceBet Request Sent: , {"stake":20,"roundId":"17642842264607154","deviceId":"6928d30c54a9220013815b81","cashierId":"68868e9f0d922000111f2c1a","playerId":"3","gameType":"aviatax"}, 335.1093 
 PlaceBet Response Received: , Response Time: 0.234375, Response: {"status":"ok","data":{"freebet":false,"winnings":0,"potentialWinnings":0,"roundHasEnded":false,"payout":false,"cancelled":false,"stake":20,"gameType":"aviatax","cashierId":"68868e9f0d922000111f2c1a","ticketId":"1515324020","betType":"single","playerId":"3","roundId":"17642842264607154","deviceId":"6928d30c54a9220013815b81","selections":[],"createdAt":"2025-11-27T22:57:38.760Z","id":"6928d76230696e0012630709"}}, 335.3437 
 PlaceBet Request Sent: , {"stake":20,"roundId":"17642842264607154","deviceId":"6928d30c54a9220013815b81","cashierId":"68868e9f0d922000111f2c1a","playerId":"1","gameType":"aviatax"}, 335.7343 
 PlaceBet Response Received: , Response Time: 0.21875, Response: {"status":"ok","data":{"freebet":false,"winnings":0,"potentialWinnings":0,"roundHasEnded":false,"payout":false,"cancelled":false,"stake":20,"gameType":"aviatax","cashierId":"68868e9f0d922000111f2c1a","ticketId":"5555228628","betType":"single","playerId":"1","roundId":"17642842264607154","deviceId":"6928d30c54a9220013815b81","selections":[],"createdAt":"2025-11-27T22:57:39.378Z","id":"6928d7635a0930001083ced6"}}, 335.9531 
 PlaceBet Request Sent: , {"stake":20,"roundId":"17642842264607154","deviceId":"6928d30c54a9220013815b81","cashierId":"68868e9f0d922000111f2c1a","playerId":"4","gameType":"aviatax"}, 336.5625 
 PlaceBet Response Received: , Response Time: 0.203125, Response: {"status":"ok","data":{"freebet":false,"winnings":0,"potentialWinnings":0,"roundHasEnded":false,"payout":false,"cancelled":false,"stake":20,"gameType":"aviatax","cashierId":"68868e9f0d922000111f2c1a","ticketId":"8163610099","betType":"single","playerId":"4","roundId":"17642842264607154","deviceId":"6928d30c54a9220013815b81","selections":[],"createdAt":"2025-11-27T22:57:40.199Z","id":"6928d764cdd9780029cb317f"}}, 336.7656 
 PlaceBet Request Sent: , {"stake":20,"roundId":"17642842264607154","deviceId":"6928d30c54a9220013815b81","cashierId":"68868e9f0d922000111f2c1a","playerId":"5","gameType":"aviatax"}, 337 
 PlaceBet Response Received: , Response Time: 0.1875, Response: {"status":"ok","data":{"freebet":false,"winnings":0,"potentialWinnings":0,"roundHasEnded":false,"payout":false,"cancelled":false,"stake":20,"gameType":"aviatax","cashierId":"68868e9f0d922000111f2c1a","ticketId":"3125710835","betType":"single","playerId":"5","roundId":"17642842264607154","deviceId":"6928d30c54a9220013815b81","selections":[],"createdAt":"2025-11-27T22:57:40.623Z","id":"6928d76499109f0018776606"}}, 337.1875 

 PlaceBet Request Sent: , {"stake":20,"roundId":"17642842358618533","deviceId":"6928d30c54a9220013815b81","cashierId":"68868e9f0d922000111f2c1a","playerId":"3","gameType":"aviatax"}, 342.7187 
 PlaceBet Request Sent: , {"stake":20,"roundId":"17642842358618533","deviceId":"6928d30c54a9220013815b81","cashierId":"68868e9f0d922000111f2c1a","playerId":"4","gameType":"aviatax"}, 342.9218 
 PlaceBet Response Received: , Response Time: 0.203125, Response: {"status":"ok","data":{"freebet":false,"winnings":0,"potentialWinnings":0,"roundHasEnded":false,"payout":false,"cancelled":false,"stake":20,"gameType":"aviatax","cashierId":"68868e9f0d922000111f2c1a","ticketId":"2849150487","betType":"single","playerId":"3","roundId":"17642842358618533","deviceId":"6928d30c54a9220013815b81","selections":[],"createdAt":"2025-11-27T22:57:46.341Z","id":"6928d76a5e465e001cac4f26"}}, 342.9218 
 PlaceBet Response Received: , Response Time: 0.203125, Response: {"status":"ok","data":{"freebet":false,"winnings":0,"potentialWinnings":0,"roundHasEnded":false,"payout":false,"cancelled":false,"stake":20,"gameType":"aviatax","cashierId":"68868e9f0d922000111f2c1a","ticketId":"8599547004","betType":"single","playerId":"4","roundId":"17642842358618533","deviceId":"6928d30c54a9220013815b81","selections":[],"createdAt":"2025-11-27T22:57:46.555Z","id":"6928d76a29de7d000ea0b43a"}}, 343.125 
 PlaceBet Request Sent: , {"stake":20,"roundId":"17642842358618533","deviceId":"6928d30c54a9220013815b81","cashierId":"68868e9f0d922000111f2c1a","playerId":"2","gameType":"aviatax"}, 343.6875 
 PlaceBet Response Received: , Response Time: 0.21875, Response: {"status":"ok","data":{"freebet":false,"winnings":0,"potentialWinnings":0,"roundHasEnded":false,"payout":false,"cancelled":false,"stake":20,"gameType":"aviatax","cashierId":"68868e9f0d922000111f2c1a","ticketId":"4673388103","betType":"single","playerId":"2","roundId":"17642842358618533","deviceId":"6928d30c54a9220013815b81","selections":[],"createdAt":"2025-11-27T22:57:47.323Z","id":"6928d76b78c660001ab22072"}}, 343.9062 
 PlaceBet Request Sent: , {"stake":20,"roundId":"17642842358618533","deviceId":"6928d30c54a9220013815b81","cashierId":"68868e9f0d922000111f2c1a","playerId":"1","gameType":"aviatax"}, 344.875 
 PlaceBet Response Received: , Response Time: 0.1875, Response: {"status":"ok","data":{"freebet":false,"winnings":0,"potentialWinnings":0,"roundHasEnded":false,"payout":false,"cancelled":false,"stake":20,"gameType":"aviatax","cashierId":"68868e9f0d922000111f2c1a","ticketId":"9265708955","betType":"single","playerId":"1","roundId":"17642842358618533","deviceId":"6928d30c54a9220013815b81","selections":[],"createdAt":"2025-11-27T22:57:48.504Z","id":"6928d76c3be5fa000e72dfde"}}, 345.0625 
 CreatePlayer, Response Time: 0.28125, Response: {"status":"ok","data":{"wallet":0,"bonus":0,"playLevel":20,"freebet":false,"deviceId":"6928d30c54a9220013815b81","cashierId":"68868e9f0d922000111f2c1a","playerId":6,"superAgentId":"68868e44c3017a000fc064ab","id":"6928d76c438ffd000ed49405"}}, 345.2812 
 PlaceBet Request Sent: , {"stake":20,"roundId":"17642842358618533","deviceId":"6928d30c54a9220013815b81","cashierId":"68868e9f0d922000111f2c1a","playerId":"5","gameType":"aviatax"}, 345.9843 
 PlaceBet Response Received: , Response Time: 0.21875, Response: {"status":"ok","data":{"freebet":false,"winnings":0,"potentialWinnings":0,"roundHasEnded":false,"payout":false,"cancelled":false,"stake":20,"gameType":"aviatax","cashierId":"68868e9f0d922000111f2c1a","ticketId":"3026926000","betType":"single","playerId":"5","roundId":"17642842358618533","deviceId":"6928d30c54a9220013815b81","selections":[],"createdAt":"2025-11-27T22:57:49.628Z","id":"6928d76d379d46001e864d96"}}, 346.2031 

 PlaceBet Request Sent: , {"stake":20,"roundId":"17642842559125337","deviceId":"6928d30c54a9220013815b81","cashierId":"68868e9f0d922000111f2c1a","playerId":"4","gameType":"aviatax"}, 352.5 
 PlaceBet Response Received: , Response Time: 0.203125, Response: {"status":"ok","data":{"freebet":false,"winnings":0,"potentialWinnings":0,"roundHasEnded":false,"payout":false,"cancelled":false,"stake":20,"gameType":"aviatax","cashierId":"68868e9f0d922000111f2c1a","ticketId":"3151873069","betType":"single","playerId":"4","roundId":"17642842559125337","deviceId":"6928d30c54a9220013815b81","selections":[],"createdAt":"2025-11-27T22:57:56.141Z","id":"6928d7748be4370013c19a06"}}, 352.7031 
 PlaceBet Request Sent: , {"stake":20,"roundId":"17642842559125337","deviceId":"6928d30c54a9220013815b81","cashierId":"68868e9f0d922000111f2c1a","playerId":"3","gameType":"aviatax"}, 353.0312 
 PlaceBet Response Received: , Response Time: 0.21875, Response: {"status":"ok","data":{"freebet":false,"winnings":0,"potentialWinnings":0,"roundHasEnded":false,"payout":false,"cancelled":false,"stake":20,"gameType":"aviatax","cashierId":"68868e9f0d922000111f2c1a","ticketId":"7473960673","betType":"single","playerId":"3","roundId":"17642842559125337","deviceId":"6928d30c54a9220013815b81","selections":[],"createdAt":"2025-11-27T22:57:56.671Z","id":"6928d7741add190011142c9d"}}, 353.25 
 PlaceBet Request Sent: , {"stake":20,"roundId":"17642842559125337","deviceId":"6928d30c54a9220013815b81","cashierId":"68868e9f0d922000111f2c1a","playerId":"5","gameType":"aviatax"}, 354.7187 
 PlaceBet Response Received: , Response Time: 0.21875, Response: {"status":"ok","data":{"freebet":false,"winnings":0,"potentialWinnings":0,"roundHasEnded":false,"payout":false,"cancelled":false,"stake":20,"gameType":"aviatax","cashierId":"68868e9f0d922000111f2c1a","ticketId":"3306419683","betType":"single","playerId":"5","roundId":"17642842559125337","deviceId":"6928d30c54a9220013815b81","selections":[],"createdAt":"2025-11-27T22:57:58.362Z","id":"6928d776e44e8b0010301131"}}, 354.9375 
 PlaceBet Request Sent: , {"stake":20,"roundId":"17642842559125337","deviceId":"6928d30c54a9220013815b81","cashierId":"68868e9f0d922000111f2c1a","playerId":"2","gameType":"aviatax"}, 355.1093 
 PlaceBet Response Received: , Response Time: 0.21875, Response: {"status":"ok","data":{"freebet":false,"winnings":0,"potentialWinnings":0,"roundHasEnded":false,"payout":false,"cancelled":false,"stake":20,"gameType":"aviatax","cashierId":"68868e9f0d922000111f2c1a","ticketId":"1351183033","betType":"single","playerId":"2","roundId":"17642842559125337","deviceId":"6928d30c54a9220013815b81","selections":[],"createdAt":"2025-11-27T22:57:58.752Z","id":"6928d77624d65700107c3401"}}, 355.3281 

 PlaceBet Request Sent: , {"stake":20,"roundId":"17642842653235870","deviceId":"6928d30c54a9220013815b81","cashierId":"68868e9f0d922000111f2c1a","playerId":"5","gameType":"aviatax"}, 364.1406 
 PlaceBet Response Received: , Response Time: 0.1248779, Response: {"status":"ok","data":{"freebet":false,"winnings":0,"potentialWinnings":0,"roundHasEnded":false,"payout":false,"cancelled":false,"stake":20,"gameType":"aviatax","cashierId":"68868e9f0d922000111f2c1a","ticketId":"5197514842","betType":"single","playerId":"5","roundId":"17642842653235870","deviceId":"6928d30c54a9220013815b81","selections":[],"createdAt":"2025-11-27T22:58:07.777Z","id":"6928d77f26263b001ea0de72"}}, 364.2655 
 PlaceBet Request Sent: , {"stake":20,"roundId":"17642842653235870","deviceId":"6928d30c54a9220013815b81","cashierId":"68868e9f0d922000111f2c1a","playerId":"1","gameType":"aviatax"}, 364.3123 
 PlaceBet Response Received: , Response Time: 0.1248779, Response: {"status":"ok","data":{"freebet":false,"winnings":0,"potentialWinnings":0,"roundHasEnded":false,"payout":false,"cancelled":false,"stake":20,"gameType":"aviatax","cashierId":"68868e9f0d922000111f2c1a","ticketId":"7056904339","betType":"single","playerId":"1","roundId":"17642842653235870","deviceId":"6928d30c54a9220013815b81","selections":[],"createdAt":"2025-11-27T22:58:08.078Z","id":"6928d7803f56b2001176521b"}}, 364.4372 

 PlaceBet Request Sent: , {"stake":20,"roundId":"17642842747392519","deviceId":"6928d30c54a9220013815b81","cashierId":"68868e9f0d922000111f2c1a","playerId":"2","gameType":"aviatax"}, 378.9775 
 PlaceBet Response Received: , Response Time: 0.234375, Response: {"status":"ok","data":{"freebet":false,"winnings":0,"potentialWinnings":0,"roundHasEnded":false,"payout":false,"cancelled":false,"stake":20,"gameType":"aviatax","cashierId":"68868e9f0d922000111f2c1a","ticketId":"9898368269","betType":"single","playerId":"2","roundId":"17642842747392519","deviceId":"6928d30c54a9220013815b81","selections":[],"createdAt":"2025-11-27T22:58:22.808Z","id":"6928d78ea2d66b001141a982"}}, 379.2119 
 PlaceBet Request Sent: , {"stake":20,"roundId":"17642842747392519","deviceId":"6928d30c54a9220013815b81","cashierId":"68868e9f0d922000111f2c1a","playerId":"4","gameType":"aviatax"}, 379.5244 
 PlaceBet Response Received: , Response Time: 0.203125, Response: {"status":"ok","data":{"freebet":false,"winnings":0,"potentialWinnings":0,"roundHasEnded":false,"payout":false,"cancelled":false,"stake":20,"gameType":"aviatax","cashierId":"68868e9f0d922000111f2c1a","ticketId":"8788596364","betType":"single","playerId":"4","roundId":"17642842747392519","deviceId":"6928d30c54a9220013815b81","selections":[],"createdAt":"2025-11-27T22:58:23.326Z","id":"6928d78f54516f000fc8e06b"}}, 379.7275 
 PlaceBet Request Sent: , {"stake":20,"roundId":"17642842747392519","deviceId":"6928d30c54a9220013815b81","cashierId":"68868e9f0d922000111f2c1a","playerId":"3","gameType":"aviatax"}, 379.8525 
 PlaceBet Response Received: , Response Time: 0.203125, Response: {"status":"ok","data":{"freebet":false,"winnings":0,"potentialWinnings":0,"roundHasEnded":false,"payout":false,"cancelled":false,"stake":20,"gameType":"aviatax","cashierId":"68868e9f0d922000111f2c1a","ticketId":"1646285254","betType":"single","playerId":"3","roundId":"17642842747392519","deviceId":"6928d30c54a9220013815b81","selections":[],"createdAt":"2025-11-27T22:58:23.657Z","id":"6928d78f09bc170018c6e9da"}}, 380.0556 
 PlaceBet Request Sent: , {"stake":20,"roundId":"17642842747392519","deviceId":"6928d30c54a9220013815b81","cashierId":"68868e9f0d922000111f2c1a","playerId":"1","gameType":"aviatax"}, 380.2587 
 PlaceBet Response Received: , Response Time: 0.203125, Response: {"status":"ok","data":{"freebet":false,"winnings":0,"potentialWinnings":0,"roundHasEnded":false,"payout":false,"cancelled":false,"stake":20,"gameType":"aviatax","cashierId":"68868e9f0d922000111f2c1a","ticketId":"3989687175","betType":"single","playerId":"1","roundId":"17642842747392519","deviceId":"6928d30c54a9220013815b81","selections":[],"createdAt":"2025-11-27T22:58:24.076Z","id":"6928d79083df740010e95898"}}, 380.4619 
 PlaceBet Request Sent: , {"stake":20,"roundId":"17642842747392519","deviceId":"6928d30c54a9220013815b81","cashierId":"68868e9f0d922000111f2c1a","playerId":"5","gameType":"aviatax"}, 381.2119 
 PlaceBet Response Received: , Response Time: 0.21875, Response: {"status":"ok","data":{"freebet":false,"winnings":0,"potentialWinnings":0,"roundHasEnded":false,"payout":false,"cancelled":false,"stake":20,"gameType":"aviatax","cashierId":"68868e9f0d922000111f2c1a","ticketId":"1227353309","betType":"single","playerId":"5","roundId":"17642842747392519","deviceId":"6928d30c54a9220013815b81","selections":[],"createdAt":"2025-11-27T22:58:25.028Z","id":"6928d791be53ee002a525bbc"}}, 381.4306 

 PlaceBet Request Sent: , {"stake":20,"roundId":"17642842863517454","deviceId":"6928d30c54a9220013815b81","cashierId":"68868e9f0d922000111f2c1a","playerId":"1","gameType":"aviatax"}, 388.0087 
 PlaceBet Request Sent: , {"stake":20,"roundId":"17642842863517454","deviceId":"6928d30c54a9220013815b81","cashierId":"68868e9f0d922000111f2c1a","playerId":"2","gameType":"aviatax"}, 388.165 
 PlaceBet Response Received: , Response Time: 0.21875, Response: {"status":"ok","data":{"freebet":false,"winnings":0,"potentialWinnings":0,"roundHasEnded":false,"payout":false,"cancelled":false,"stake":20,"gameType":"aviatax","cashierId":"68868e9f0d922000111f2c1a","ticketId":"6638072467","betType":"single","playerId":"1","roundId":"17642842863517454","deviceId":"6928d30c54a9220013815b81","selections":[],"createdAt":"2025-11-27T22:58:31.813Z","id":"6928d7973f3ace00176e0af4"}}, 388.2275 
 PlaceBet Response Received: , Response Time: 0.203125, Response: {"status":"ok","data":{"freebet":false,"winnings":0,"potentialWinnings":0,"roundHasEnded":false,"payout":false,"cancelled":false,"stake":20,"gameType":"aviatax","cashierId":"68868e9f0d922000111f2c1a","ticketId":"6958785040","betType":"single","playerId":"2","roundId":"17642842863517454","deviceId":"6928d30c54a9220013815b81","selections":[],"createdAt":"2025-11-27T22:58:31.983Z","id":"6928d797e44e8b001030114e"}}, 388.3681 
 PlaceBet Request Sent: , {"stake":20,"roundId":"17642842863517454","deviceId":"6928d30c54a9220013815b81","cashierId":"68868e9f0d922000111f2c1a","playerId":"3","gameType":"aviatax"}, 388.6337 
 PlaceBet Request Sent: , {"stake":20,"roundId":"17642842863517454","deviceId":"6928d30c54a9220013815b81","cashierId":"68868e9f0d922000111f2c1a","playerId":"4","gameType":"aviatax"}, 388.8212 
 PlaceBet Response Received: , Response Time: 0.203125, Response: {"status":"ok","data":{"freebet":false,"winnings":0,"potentialWinnings":0,"roundHasEnded":false,"payout":false,"cancelled":false,"stake":20,"gameType":"aviatax","cashierId":"68868e9f0d922000111f2c1a","ticketId":"2371114540","betType":"single","playerId":"3","roundId":"17642842863517454","deviceId":"6928d30c54a9220013815b81","selections":[],"createdAt":"2025-11-27T22:58:32.448Z","id":"6928d7988d1249000e95b1c8"}}, 388.8369 
 PlaceBet Response Received: , Response Time: 0.21875, Response: {"status":"ok","data":{"freebet":false,"winnings":0,"potentialWinnings":0,"roundHasEnded":false,"payout":false,"cancelled":false,"stake":20,"gameType":"aviatax","cashierId":"68868e9f0d922000111f2c1a","ticketId":"5004483595","betType":"single","playerId":"4","roundId":"17642842863517454","deviceId":"6928d30c54a9220013815b81","selections":[],"createdAt":"2025-11-27T22:58:32.643Z","id":"6928d798953187000f5a9e16"}}, 389.04 
 PlaceBet Request Sent: , {"stake":20,"roundId":"17642842863517454","deviceId":"6928d30c54a9220013815b81","cashierId":"68868e9f0d922000111f2c1a","playerId":"5","gameType":"aviatax"}, 389.1025 
 PlaceBet Response Received: , Response Time: 0.203125, Response: {"status":"ok","data":{"freebet":false,"winnings":0,"potentialWinnings":0,"roundHasEnded":false,"payout":false,"cancelled":false,"stake":20,"gameType":"aviatax","cashierId":"68868e9f0d922000111f2c1a","ticketId":"7687068727","betType":"single","playerId":"5","roundId":"17642842863517454","deviceId":"6928d30c54a9220013815b81","selections":[],"createdAt":"2025-11-27T22:58:32.928Z","id":"6928d798248aa9001028da84"}}, 389.3056 

 PlaceBet Request Sent: , {"stake":20,"roundId":"17642843011674672","deviceId":"6928d30c54a9220013815b81","cashierId":"68868e9f0d922000111f2c1a","playerId":"4","gameType":"aviatax"}, 397.9306 
 PlaceBet Response Received: , Response Time: 0.21875, Response: {"status":"ok","data":{"freebet":false,"winnings":0,"potentialWinnings":0,"roundHasEnded":false,"payout":false,"cancelled":false,"stake":20,"gameType":"aviatax","cashierId":"68868e9f0d922000111f2c1a","ticketId":"5605781207","betType":"single","playerId":"4","roundId":"17642843011674672","deviceId":"6928d30c54a9220013815b81","selections":[],"createdAt":"2025-11-27T22:58:41.754Z","id":"6928d7a135ac0600124e6af1"}}, 398.1494 
 PlaceBet Request Sent: , {"stake":20,"roundId":"17642843011674672","deviceId":"6928d30c54a9220013815b81","cashierId":"68868e9f0d922000111f2c1a","playerId":"1","gameType":"aviatax"}, 399.7899 
 PlaceBet Response Received: , Response Time: 0.171875, Response: {"status":"ok","data":{"freebet":false,"winnings":0,"potentialWinnings":0,"roundHasEnded":false,"payout":false,"cancelled":false,"stake":20,"gameType":"aviatax","cashierId":"68868e9f0d922000111f2c1a","ticketId":"3317881125","betType":"single","playerId":"1","roundId":"17642843011674672","deviceId":"6928d30c54a9220013815b81","selections":[],"createdAt":"2025-11-27T22:58:43.619Z","id":"6928d7a3c723a2001ca1a3fb"}}, 399.9618 
 PlaceBet Request Sent: , {"stake":20,"roundId":"17642843011674672","deviceId":"6928d30c54a9220013815b81","cashierId":"68868e9f0d922000111f2c1a","playerId":"5","gameType":"aviatax"}, 400.2431 
 PlaceBet Request Sent: , {"stake":20,"roundId":"17642843011674672","deviceId":"6928d30c54a9220013815b81","cashierId":"68868e9f0d922000111f2c1a","playerId":"3","gameType":"aviatax"}, 400.3994 
 PlaceBet Response Received: , Response Time: 0.1874695, Response: {"status":"ok","data":{"freebet":false,"winnings":0,"potentialWinnings":0,"roundHasEnded":false,"payout":false,"cancelled":false,"stake":20,"gameType":"aviatax","cashierId":"68868e9f0d922000111f2c1a","ticketId":"7243941287","betType":"single","playerId":"5","roundId":"17642843011674672","deviceId":"6928d30c54a9220013815b81","selections":[],"createdAt":"2025-11-27T22:58:44.067Z","id":"6928d7a4e44e8b0010301168"}}, 400.4306 
 PlaceBet Request Sent: , {"stake":20,"roundId":"17642843011674672","deviceId":"6928d30c54a9220013815b81","cashierId":"68868e9f0d922000111f2c1a","playerId":"2","gameType":"aviatax"}, 400.5244 
 PlaceBet Response Received: , Response Time: 0.265625, Response: {"status":"ok","data":{"freebet":false,"winnings":0,"potentialWinnings":0,"roundHasEnded":false,"payout":false,"cancelled":false,"stake":20,"gameType":"aviatax","cashierId":"68868e9f0d922000111f2c1a","ticketId":"3995128601","betType":"single","playerId":"3","roundId":"17642843011674672","deviceId":"6928d30c54a9220013815b81","selections":[],"createdAt":"2025-11-27T22:58:44.270Z","id":"6928d7a498104b00200ee94d"}}, 400.665 
 PlaceBet Response Received: , Response Time: 0.218689, Response: {"status":"ok","data":{"freebet":false,"winnings":0,"potentialWinnings":0,"roundHasEnded":false,"payout":false,"cancelled":false,"stake":20,"gameType":"aviatax","cashierId":"68868e9f0d922000111f2c1a","ticketId":"6016692038","betType":"single","playerId":"2","roundId":"17642843011674672","deviceId":"6928d30c54a9220013815b81","selections":[],"createdAt":"2025-11-27T22:58:44.408Z","id":"6928d7a4a23aa00012e25f92"}}, 400.743 

 PlaceBet Request Sent: , {"stake":20,"roundId":"17642843105762045","deviceId":"6928d30c54a9220013815b81","cashierId":"68868e9f0d922000111f2c1a","playerId":"1","gameType":"aviatax"}, 407.2946 
 PlaceBet Request Sent: , {"stake":20,"roundId":"17642843105762045","deviceId":"6928d30c54a9220013815b81","cashierId":"68868e9f0d922000111f2c1a","playerId":"2","gameType":"aviatax"}, 407.4665 
 PlaceBet Response Received: , Response Time: 0.21875, Response: {"status":"ok","data":{"freebet":false,"winnings":0,"potentialWinnings":0,"roundHasEnded":false,"payout":false,"cancelled":false,"stake":20,"gameType":"aviatax","cashierId":"68868e9f0d922000111f2c1a","ticketId":"3112909357","betType":"single","playerId":"1","roundId":"17642843105762045","deviceId":"6928d30c54a9220013815b81","selections":[],"createdAt":"2025-11-27T22:58:51.218Z","id":"6928d7abf4a0f8000fe64032"}}, 407.5134 
 PlaceBet Response Received: , Response Time: 0.234375, Response: {"status":"ok","data":{"freebet":false,"winnings":0,"potentialWinnings":0,"roundHasEnded":false,"payout":false,"cancelled":false,"stake":20,"gameType":"aviatax","cashierId":"68868e9f0d922000111f2c1a","ticketId":"9628358285","betType":"single","playerId":"2","roundId":"17642843105762045","deviceId":"6928d30c54a9220013815b81","selections":[],"createdAt":"2025-11-27T22:58:51.396Z","id":"6928d7ab92fe700025c5ba7b"}}, 407.7009 
 PlaceBet Request Sent: , {"stake":20,"roundId":"17642843105762045","deviceId":"6928d30c54a9220013815b81","cashierId":"68868e9f0d922000111f2c1a","playerId":"4","gameType":"aviatax"}, 407.8571 
 PlaceBet Response Received: , Response Time: 0.21875, Response: {"status":"ok","data":{"freebet":false,"winnings":0,"potentialWinnings":0,"roundHasEnded":false,"payout":false,"cancelled":false,"stake":20,"gameType":"aviatax","cashierId":"68868e9f0d922000111f2c1a","ticketId":"2900002642","betType":"single","playerId":"4","roundId":"17642843105762045","deviceId":"6928d30c54a9220013815b81","selections":[],"createdAt":"2025-11-27T22:58:51.775Z","id":"6928d7ab42209a000f7fce43"}}, 408.0759 
 PlaceBet Request Sent: , {"stake":20,"roundId":"17642843105762045","deviceId":"6928d30c54a9220013815b81","cashierId":"68868e9f0d922000111f2c1a","playerId":"5","gameType":"aviatax"}, 408.3415 
 PlaceBet Response Received: , Response Time: 0.21875, Response: {"status":"ok","data":{"freebet":false,"winnings":0,"potentialWinnings":0,"roundHasEnded":false,"payout":false,"cancelled":false,"stake":20,"gameType":"aviatax","cashierId":"68868e9f0d922000111f2c1a","ticketId":"8298041364","betType":"single","playerId":"5","roundId":"17642843105762045","deviceId":"6928d30c54a9220013815b81","selections":[],"createdAt":"2025-11-27T22:58:52.273Z","id":"6928d7ace44e8b0010301182"}}, 408.5602 
 PlaceBet Request Sent: , {"stake":20,"roundId":"17642843105762045","deviceId":"6928d30c54a9220013815b81","cashierId":"68868e9f0d922000111f2c1a","playerId":"3","gameType":"aviatax"}, 408.9977 
 PlaceBet Response Received: , Response Time: 0.21875, Response: {"status":"ok","data":{"freebet":false,"winnings":0,"potentialWinnings":0,"roundHasEnded":false,"payout":false,"cancelled":false,"stake":20,"gameType":"aviatax","cashierId":"68868e9f0d922000111f2c1a","ticketId":"2426600713","betType":"single","playerId":"3","roundId":"17642843105762045","deviceId":"6928d30c54a9220013815b81","selections":[],"createdAt":"2025-11-27T22:58:52.917Z","id":"6928d7ac88ee4d000e4457f0"}}, 409.2165 

 PlaceBet Request Sent: , {"stake":20,"roundId":"17642843200058523","deviceId":"6928d30c54a9220013815b81","cashierId":"68868e9f0d922000111f2c1a","playerId":"2","gameType":"aviatax"}, 418.8259 
 PlaceBet Request Sent: , {"stake":20,"roundId":"17642843200058523","deviceId":"6928d30c54a9220013815b81","cashierId":"68868e9f0d922000111f2c1a","playerId":"1","gameType":"aviatax"}, 418.8571 
 PlaceBet Response Received: , Response Time: 0.203125, Response: {"status":"ok","data":{"freebet":false,"winnings":0,"potentialWinnings":0,"roundHasEnded":false,"payout":false,"cancelled":false,"stake":20,"gameType":"aviatax","cashierId":"68868e9f0d922000111f2c1a","ticketId":"1469434273","betType":"single","playerId":"2","roundId":"17642843200058523","deviceId":"6928d30c54a9220013815b81","selections":[],"createdAt":"2025-11-27T22:59:02.737Z","id":"6928d7b6c2113d000d9c160d"}}, 419.029 
 PlaceBet Response Received: , Response Time: 0.296875, Response: {"status":"ok","data":{"freebet":false,"winnings":0,"potentialWinnings":0,"roundHasEnded":false,"payout":false,"cancelled":false,"stake":20,"gameType":"aviatax","cashierId":"68868e9f0d922000111f2c1a","ticketId":"8593648917","betType":"single","playerId":"1","roundId":"17642843200058523","deviceId":"6928d30c54a9220013815b81","selections":[],"createdAt":"2025-11-27T22:59:02.871Z","id":"6928d7b6cdd9780029cb319c"}}, 419.154 
 PlaceBet Request Sent: , {"stake":20,"roundId":"17642843200058523","deviceId":"6928d30c54a9220013815b81","cashierId":"68868e9f0d922000111f2c1a","playerId":"4","gameType":"aviatax"}, 421.3102 
 PlaceBet Response Received: , Response Time: 0.203125, Response: {"status":"ok","data":{"freebet":false,"winnings":0,"potentialWinnings":0,"roundHasEnded":false,"payout":false,"cancelled":false,"stake":20,"gameType":"aviatax","cashierId":"68868e9f0d922000111f2c1a","ticketId":"1735043095","betType":"single","playerId":"4","roundId":"17642843200058523","deviceId":"6928d30c54a9220013815b81","selections":[],"createdAt":"2025-11-27T22:59:05.237Z","id":"6928d7b924d65700107c3423"}}, 421.5134 
 PlaceBet Request Sent: , {"stake":20,"roundId":"17642843200058523","deviceId":"6928d30c54a9220013815b81","cashierId":"68868e9f0d922000111f2c1a","playerId":"5","gameType":"aviatax"}, 422.1227 
 PlaceBet Response Received: , Response Time: 0.203125, Response: {"status":"ok","data":{"freebet":false,"winnings":0,"potentialWinnings":0,"roundHasEnded":false,"payout":false,"cancelled":false,"stake":20,"gameType":"aviatax","cashierId":"68868e9f0d922000111f2c1a","ticketId":"7494519053","betType":"single","playerId":"5","roundId":"17642843200058523","deviceId":"6928d30c54a9220013815b81","selections":[],"createdAt":"2025-11-27T22:59:06.047Z","id":"6928d7ba8d9f740011b60a35"}}, 422.3259 

 PlaceBet Request Sent: , {"stake":20,"roundId":"17642843294401388","deviceId":"6928d30c54a9220013815b81","cashierId":"68868e9f0d922000111f2c1a","playerId":"3","gameType":"aviatax"}, 444.5446 
 PlaceBet Response Received: , Response Time: 0.1875, Response: {"status":"ok","data":{"freebet":false,"winnings":0,"potentialWinnings":0,"roundHasEnded":false,"payout":false,"cancelled":false,"stake":20,"gameType":"aviatax","cashierId":"68868e9f0d922000111f2c1a","ticketId":"8422959903","betType":"single","playerId":"3","roundId":"17642843294401388","deviceId":"6928d30c54a9220013815b81","selections":[],"createdAt":"2025-11-27T22:59:28.482Z","id":"6928d7d0778eba000fe47263"}}, 444.7321 
 PlaceBet Request Sent: , {"stake":20,"roundId":"17642843294401388","deviceId":"6928d30c54a9220013815b81","cashierId":"68868e9f0d922000111f2c1a","playerId":"5","gameType":"aviatax"}, 446.3102 
 PlaceBet Response Received: , Response Time: 0.234375, Response: {"status":"ok","data":{"freebet":false,"winnings":0,"potentialWinnings":0,"roundHasEnded":false,"payout":false,"cancelled":false,"stake":20,"gameType":"aviatax","cashierId":"68868e9f0d922000111f2c1a","ticketId":"8201398335","betType":"single","playerId":"5","roundId":"17642843294401388","deviceId":"6928d30c54a9220013815b81","selections":[],"createdAt":"2025-11-27T22:59:30.244Z","id":"6928d7d22603b30011387d58"}}, 446.5446 
 PlaceBet Request Sent: , {"stake":20,"roundId":"17642843294401388","deviceId":"6928d30c54a9220013815b81","cashierId":"68868e9f0d922000111f2c1a","playerId":"4","gameType":"aviatax"}, 446.9352 
 PlaceBet Request Sent: , {"stake":20,"roundId":"17642843294401388","deviceId":"6928d30c54a9220013815b81","cashierId":"68868e9f0d922000111f2c1a","playerId":"1","gameType":"aviatax"}, 447.0134 
 PlaceBet Response Received: , Response Time: 0.21875, Response: {"status":"ok","data":{"freebet":false,"winnings":0,"potentialWinnings":0,"roundHasEnded":false,"payout":false,"cancelled":false,"stake":20,"gameType":"aviatax","cashierId":"68868e9f0d922000111f2c1a","ticketId":"5971707171","betType":"single","playerId":"4","roundId":"17642843294401388","deviceId":"6928d30c54a9220013815b81","selections":[],"createdAt":"2025-11-27T22:59:30.863Z","id":"6928d7d25ccd7a000f503a38"}}, 447.154 
 PlaceBet Response Received: , Response Time: 0.234375, Response: {"status":"ok","data":{"freebet":false,"winnings":0,"potentialWinnings":0,"roundHasEnded":false,"payout":false,"cancelled":false,"stake":20,"gameType":"aviatax","cashierId":"68868e9f0d922000111f2c1a","ticketId":"7875104378","betType":"single","playerId":"1","roundId":"17642843294401388","deviceId":"6928d30c54a9220013815b81","selections":[],"createdAt":"2025-11-27T22:59:30.972Z","id":"6928d7d2691a7b001f001f4b"}}, 447.2477 
 Cashout request sent: , {"deviceId":"6928d30c54a9220013815b81","ticketId":"6928d7d25ccd7a000f503a38","odd":1.6399999856948853}, 452.4821 
 Cashout Response Received: , Response Time: 0.21875, Response: {"status":"ok","data":{"wallet":5142.4,"type":"regular","status":"active","playLevel":20,"bonus":54.5,"freebet":false,"deviceId":"6928d30c54a9220013815b81","cashierId":"68868e9f0d922000111f2c1a","playerId":4,"superAgentId":"68868e44c3017a000fc064ab","createdAt":"2025-11-27T22:50:10.777Z","id":"6928d5a21beed60010205353"}}, 452.7009 

 Start, 28/11/2025 23:29:09, 0.03664999 
 Auth, Sent: {"deviceId":"6559896c3b3e45105ff4dc13fe3ee9d9200d2fe3"} -- Received: {"registered":true,"device":"6559896c3b3e45105ff4dc13fe3ee9d9200d2fe3","token":464541,"name":"6559896c3b3e45105ff4dc13fe3ee9d9200d2fe3","agentId":"68868e44c3017a000fc064ab","cashierId":"68868e9f0d922000111f2c1a","currency":"₦","superAgentId":"68868e44c3017a000fc064ab","id":"6928d30c54a9220013815b81","setBonus":10}, 0.8160613 
 Connected, Connected to socket, 3.432673 
 Join room, {"deviceId":"6928d30c54a9220013815b81","agentId":"68868e44c3017a000fc064ab"}, 3.432673 

 Failed getting Lastman Details, JSON parse error: Invalid value., 22.59888 

 Failed getting Jackpots, JSON parse error: Invalid value., 31.41536 
 PlaceBet Request Sent: , {"stake":20,"roundId":"17643725630422534","deviceId":"6928d30c54a9220013815b81","cashierId":"68868e9f0d922000111f2c1a","playerId":"2","gameType":"aviatax"}, 36.24854 
 PlaceBet Response Received: , Response Time: 0.3166618, Response: {"status":"error"}, 36.5652 
 PlaceBet Request Sent: , {"stake":20,"roundId":"17643725630422534","deviceId":"6928d30c54a9220013815b81","cashierId":"68868e9f0d922000111f2c1a","playerId":"4","gameType":"aviatax"}, 36.91519 
 PlaceBet Response Received: , Response Time: 0.2000008, Response: {"status":"error"}, 37.11519 
 PlaceBet Request Sent: , {"stake":20,"roundId":"17643725630422534","deviceId":"6928d30c54a9220013815b81","cashierId":"68868e9f0d922000111f2c1a","playerId":"3","gameType":"aviatax"}, 37.73181 
 PlaceBet Response Received: , Response Time: 0.366684, Response: {"status":"ok","data":{"freebet":false,"winnings":0,"potentialWinnings":0,"roundHasEnded":false,"payout":false,"cancelled":false,"stake":20,"gameType":"aviatax","cashierId":"68868e9f0d922000111f2c1a","ticketId":"8434569712","betType":"single","playerId":"3","roundId":"17643725630422534","deviceId":"6928d30c54a9220013815b81","selections":[],"createdAt":"2025-11-28T23:29:48.383Z","id":"692a306c060e8000235c191c"}}, 38.0985 
 PlaceBet Request Sent: , {"stake":20,"roundId":"17643725630422534","deviceId":"6928d30c54a9220013815b81","cashierId":"68868e9f0d922000111f2c1a","playerId":"5","gameType":"aviatax"}, 38.68179 
 PlaceBet Request Sent: , {"stake":20,"roundId":"17643725630422534","deviceId":"6928d30c54a9220013815b81","cashierId":"68868e9f0d922000111f2c1a","playerId":"1","gameType":"aviatax"}, 38.79848 
 PlaceBet Response Received: , Response Time: 0.3666916, Response: {"status":"ok","data":{"freebet":false,"winnings":0,"potentialWinnings":0,"roundHasEnded":false,"payout":false,"cancelled":false,"stake":20,"gameType":"aviatax","cashierId":"68868e9f0d922000111f2c1a","ticketId":"5051916729","betType":"single","playerId":"5","roundId":"17643725630422534","deviceId":"6928d30c54a9220013815b81","selections":[],"createdAt":"2025-11-28T23:29:49.339Z","id":"692a306d4142700011cfe839"}}, 39.04848 
 PlaceBet Response Received: , Response Time: 0.3332939, Response: {"status":"ok","data":{"freebet":false,"winnings":0,"potentialWinnings":0,"roundHasEnded":false,"payout":false,"cancelled":false,"stake":20,"gameType":"aviatax","cashierId":"68868e9f0d922000111f2c1a","ticketId":"1844047655","betType":"single","playerId":"1","roundId":"17643725630422534","deviceId":"6928d30c54a9220013815b81","selections":[],"createdAt":"2025-11-28T23:29:49.431Z","id":"692a306d339aac000de83247"}}, 39.13177 
 Cashout request sent: , {"deviceId":"6928d30c54a9220013815b81","ticketId":"692a306d4142700011cfe839","odd":1.690000057220459}, 44.79834 
 Cashout Response Received: , Response Time: 0.3333168, Response: {"status":"ok","data":{"wallet":4211.200000000001,"type":"regular","status":"active","playLevel":20,"bonus":45,"freebet":false,"deviceId":"6928d30c54a9220013815b81","cashierId":"68868e9f0d922000111f2c1a","playerId":5,"superAgentId":"68868e44c3017a000fc064ab","createdAt":"2025-11-27T22:50:11.183Z","id":"6928d5a38633de0025131687"}}, 45.13165 

 drop-jackpot, {"playerId":5,"jackpotAmount":1000,"jackpotType":"Bronze"}, 50.93149 
 DropJackpot Successfull, Jackpot sent to Player: 5, 50.96486 
 PlaceBet Request Sent: , {"stake":20,"roundId":"17643725727626859","deviceId":"6928d30c54a9220013815b81","cashierId":"68868e9f0d922000111f2c1a","playerId":"3","gameType":"aviatax"}, 54.43142 
 PlaceBet Request Sent: , {"stake":20,"roundId":"17643725727626859","deviceId":"6928d30c54a9220013815b81","cashierId":"68868e9f0d922000111f2c1a","playerId":"5","gameType":"aviatax"}, 54.61477 
 PlaceBet Response Received: , Response Time: 0.3166466, Response: {"status":"ok","data":{"freebet":false,"winnings":0,"potentialWinnings":0,"roundHasEnded":false,"payout":false,"cancelled":false,"stake":20,"gameType":"aviatax","cashierId":"68868e9f0d922000111f2c1a","ticketId":"9595195746","betType":"single","playerId":"3","roundId":"17643725727626859","deviceId":"6928d30c54a9220013815b81","selections":[],"createdAt":"2025-11-28T23:30:05.046Z","id":"692a307d43191a000e84b64b"}}, 54.74806 
 PlaceBet Response Received: , Response Time: 0.3166389, Response: {"status":"ok","data":{"freebet":false,"winnings":0,"potentialWinnings":0,"roundHasEnded":false,"payout":false,"cancelled":false,"stake":20,"gameType":"aviatax","cashierId":"68868e9f0d922000111f2c1a","ticketId":"6782845724","betType":"single","playerId":"5","roundId":"17643725727626859","deviceId":"6928d30c54a9220013815b81","selections":[],"createdAt":"2025-11-28T23:30:05.235Z","id":"692a307de2931f000f3573e5"}}, 54.9314 
 PlaceBet Request Sent: , {"stake":20,"roundId":"17643725727626859","deviceId":"6928d30c54a9220013815b81","cashierId":"68868e9f0d922000111f2c1a","playerId":"1","gameType":"aviatax"}, 55.98139 
 PlaceBet Request Sent: , {"stake":20,"roundId":"17643725727626859","deviceId":"6928d30c54a9220013815b81","cashierId":"68868e9f0d922000111f2c1a","playerId":"4","gameType":"aviatax"}, 56.14803 
 PlaceBet Response Received: , Response Time: 0.3166466, Response: {"status":"ok","data":{"freebet":false,"winnings":0,"potentialWinnings":0,"roundHasEnded":false,"payout":false,"cancelled":false,"stake":20,"gameType":"aviatax","cashierId":"68868e9f0d922000111f2c1a","ticketId":"8446345642","betType":"single","playerId":"1","roundId":"17643725727626859","deviceId":"6928d30c54a9220013815b81","selections":[],"createdAt":"2025-11-28T23:30:06.594Z","id":"692a307ea5dd3f00113ca484"}}, 56.29803 
 PlaceBet Response Received: , Response Time: 0.2833481, Response: {"status":"ok","data":{"freebet":false,"winnings":0,"potentialWinnings":0,"roundHasEnded":false,"payout":false,"cancelled":false,"stake":20,"gameType":"aviatax","cashierId":"68868e9f0d922000111f2c1a","ticketId":"7144747514","betType":"single","playerId":"4","roundId":"17643725727626859","deviceId":"6928d30c54a9220013815b81","selections":[],"createdAt":"2025-11-28T23:30:06.741Z","id":"692a307e2e9bc700111573ea"}}, 56.43138 
 PlaceBet Request Sent: , {"stake":20,"roundId":"17643725727626859","deviceId":"6928d30c54a9220013815b81","cashierId":"68868e9f0d922000111f2c1a","playerId":"2","gameType":"aviatax"}, 57.38134 
 PlaceBet Response Received: , Response Time: 0.3333359, Response: {"status":"ok","data":{"freebet":false,"winnings":0,"potentialWinnings":0,"roundHasEnded":false,"payout":false,"cancelled":false,"stake":20,"gameType":"aviatax","cashierId":"68868e9f0d922000111f2c1a","ticketId":"1895782709","betType":"single","playerId":"2","roundId":"17643725727626859","deviceId":"6928d30c54a9220013815b81","selections":[],"createdAt":"2025-11-28T23:30:08.000Z","id":"692a307ff122010012a05c4b"}}, 57.71468 
 Cashout request sent: , {"deviceId":"6928d30c54a9220013815b81","ticketId":"692a307d43191a000e84b64b","odd":1.4500000476837159}, 62.29792 
 Cashout Response Received: , Response Time: 0.3332977, Response: {"status":"ok","data":{"wallet":2632,"type":"regular","status":"active","playLevel":20,"bonus":25,"freebet":false,"deviceId":"6928d30c54a9220013815b81","cashierId":"68868e9f0d922000111f2c1a","playerId":3,"superAgentId":"68868e44c3017a000fc064ab","createdAt":"2025-11-27T22:50:09.448Z","id":"6928d5a154a9220013815b89"}}, 62.63121 

 PlaceBet Request Sent: , {"stake":20,"roundId":"17643725847313302","deviceId":"6928d30c54a9220013815b81","cashierId":"68868e9f0d922000111f2c1a","playerId":"2","gameType":"aviatax"}, 72.79764 
 PlaceBet Request Sent: , {"stake":20,"roundId":"17643725847313302","deviceId":"6928d30c54a9220013815b81","cashierId":"68868e9f0d922000111f2c1a","playerId":"5","gameType":"aviatax"}, 73.09762 
 PlaceBet Response Received: , Response Time: 0.316658, Response: {"status":"ok","data":{"freebet":false,"winnings":0,"potentialWinnings":0,"roundHasEnded":false,"payout":false,"cancelled":false,"stake":20,"gameType":"aviatax","cashierId":"68868e9f0d922000111f2c1a","ticketId":"9220619650","betType":"single","playerId":"2","roundId":"17643725847313302","deviceId":"6928d30c54a9220013815b81","selections":[],"createdAt":"2025-11-28T23:30:23.416Z","id":"692a308f69b997001820ff38"}}, 73.1143 
 PlaceBet Request Sent: , {"stake":20,"roundId":"17643725847313302","deviceId":"6928d30c54a9220013815b81","cashierId":"68868e9f0d922000111f2c1a","playerId":"4","gameType":"aviatax"}, 73.13095 
 PlaceBet Response Received: , Response Time: 0.3166733, Response: {"status":"ok","data":{"freebet":false,"winnings":0,"potentialWinnings":0,"roundHasEnded":false,"payout":false,"cancelled":false,"stake":20,"gameType":"aviatax","cashierId":"68868e9f0d922000111f2c1a","ticketId":"9746336383","betType":"single","playerId":"5","roundId":"17643725847313302","deviceId":"6928d30c54a9220013815b81","selections":[],"createdAt":"2025-11-28T23:30:23.712Z","id":"692a308f6b7e21000ebce4fc"}}, 73.41429 
 PlaceBet Response Received: , Response Time: 0.3333206, Response: {"status":"ok","data":{"freebet":false,"winnings":0,"potentialWinnings":0,"roundHasEnded":false,"payout":false,"cancelled":false,"stake":20,"gameType":"aviatax","cashierId":"68868e9f0d922000111f2c1a","ticketId":"3194321414","betType":"single","playerId":"4","roundId":"17643725847313302","deviceId":"6928d30c54a9220013815b81","selections":[],"createdAt":"2025-11-28T23:30:23.761Z","id":"692a308fe42f170017150b1c"}}, 73.46427 
 PlaceBet Request Sent: , {"stake":20,"roundId":"17643725847313302","deviceId":"6928d30c54a9220013815b81","cashierId":"68868e9f0d922000111f2c1a","playerId":"1","gameType":"aviatax"}, 73.73093 
 PlaceBet Response Received: , Response Time: 0.3333435, Response: {"status":"ok","data":{"freebet":false,"winnings":0,"potentialWinnings":0,"roundHasEnded":false,"payout":false,"cancelled":false,"stake":20,"gameType":"aviatax","cashierId":"68868e9f0d922000111f2c1a","ticketId":"6375810715","betType":"single","playerId":"1","roundId":"17643725847313302","deviceId":"6928d30c54a9220013815b81","selections":[],"createdAt":"2025-11-28T23:30:24.354Z","id":"692a30900e98340011f045b1"}}, 74.06428 
 PlaceBet Request Sent: , {"stake":20,"roundId":"17643725847313302","deviceId":"6928d30c54a9220013815b81","cashierId":"68868e9f0d922000111f2c1a","playerId":"3","gameType":"aviatax"}, 74.28092 
 PlaceBet Response Received: , Response Time: 0.333374, Response: {"status":"ok","data":{"freebet":false,"winnings":0,"potentialWinnings":0,"roundHasEnded":false,"payout":false,"cancelled":false,"stake":20,"gameType":"aviatax","cashierId":"68868e9f0d922000111f2c1a","ticketId":"1004190437","betType":"single","playerId":"3","roundId":"17643725847313302","deviceId":"6928d30c54a9220013815b81","selections":[],"createdAt":"2025-11-28T23:30:24.918Z","id":"692a309031f313000e550b32"}}, 74.6143 

